long,lat,ps_q_test_data,ps_q_predicted,residual
-128.7067,48.4576,615.10439485193,615.0951129789092,0.009281873020768217
-128.577,47.939,437.77934178494,437.80032753862366,-0.020985753683646635
-128.728,47.9038,495.3203091145,495.3864399725954,-0.06613085809539143
-129.095,47.9561,2753.9345346423,2757.4958838586426,-3.561349216342478
-128.5667,48.46,508.22227635983,508.43649046492925,-0.214214105099245
-127.796,47.6926,262.38779189237,262.3906168053972,-0.002824913027211551
-127.779,47.7224,262.38779189237,262.3906168053972,-0.002824913027211551
-128.72,48.42,531.15760845266,531.0844324092149,0.07317604344518713
-128.698,48.4383,531.15760845266,531.1529655283236,0.004642924336394572
-128.5573,47.9073,437.77934178494,437.76534487608774,0.013996908852277556
-128.642,47.8708,437.77934178494,437.82647729629844,-0.047135511358419535
-128.66,47.8897,495.3203091145,495.31928519242575,0.0010239220742391808
-128.6817,48.4367,531.15760845266,531.1529655283236,0.004642924336394572
-127.654,47.929,264.85829724021,265.05553366736626,-0.19723642715626966
-128.495,48.445,432.69780102486,432.6555550584234,0.04224596643661016
-129.091,47.9477,5015.9146722461,5017.579951830247,-1.6652795841473562
-126.223,48.355,183.86368607476,184.10702251388358,-0.24333643912356706
-128.827,47.8907,581.09921225716,581.0627509721679,0.03646128499212864
-128.784,47.9467,581.09921225716,580.7854939948326,0.3137182623274839
-128.674,47.8928,495.3203091145,495.31928519242575,0.0010239220742391808
-128.6778,48.4359,531.15760845266,531.1529655283236,0.004642924336394572
-126.893,48.6518,200.93636013052,200.9624901307794,-0.02613000025939982
-126.86,48.6767,200.93636013052,200.9624901307794,-0.02613000025939982
-127.7864,47.7099,262.38779189237,262.3906168053972,-0.002824913027211551
-126.87,48.6817,200.93636013052,200.9624901307794,-0.02613000025939982
-126.997,48.44,219.8009571006,220.0624567992965,-0.26149969869652523
-126.35,48.3131,185.04898643471,184.7899099430819,0.2590764916280932
-128.63,48.48,508.22227635983,508.2484076738177,-0.02613131398771884
-128.395,48.71166667,427.73725461165,429.02127059509144,-1.2840159834414635
-128.607,47.9349,437.77934178494,437.80032753862366,-0.020985753683646635
-126.388,48.2551,189.00025789345,188.80032442282658,0.19993347062342082
-128.7767,48.4433,649.51371744501,649.9650942257515,-0.4513767807414979
-128.645,48.46,508.22227635983,508.0467346806892,0.17554167914079244
-127.7864,47.7099,262.38779189237,262.3906168053972,-0.002824913027211551
-126.538,48.1869,193.51597489366,193.6749082912916,-0.15893339763158565
-128.705,48.4733,615.10439485193,615.0974050700665,0.006989781863467215
-127.724,47.7331,253.08200722473,253.11720446842722,-0.03519724369721189
-128.712,48.4516,615.10439485193,615.0951129789092,0.009281873020768217
-128.6333,48.4483,465.29943271476,464.95790794413847,0.3415247706215041
-128.72,48.49,615.10439485193,615.1354602775057,-0.03106542557566172
-128.78,48.42,649.51371744501,649.4007339719027,0.11298347310730605
-127.762,47.7086,262.38779189237,262.3906168053972,-0.002824913027211551
-128.4883,48.4433,432.69780102486,432.6555550584234,0.04224596643661016
-128.73,48.44,531.15760845266,530.89858449031,0.25902396235005654
-128.8417,48.36,649.51371744501,650.0903029430935,-0.5765854980835456
-127.7045,47.8953,264.85829724021,264.80738949209245,0.050907748117538176
-128.831,47.8792,581.09921225716,581.4575473859276,-0.3583351287675214
-128.6817,48.4017,531.15760845266,531.1529655283236,0.004642924336394572
-128.4083333,48.805,334.79548851482,318.25122786425726,16.544260650562762
-127.3775,47.7827,233.35611510341,233.33778453786186,0.018330565548126287
-127.7855,47.7088,262.38779189237,262.3906168053972,-0.002824913027211551
-128.585,47.8741,437.77934178494,437.7658353828343,0.01350640210569054
-128.78,48.34,641.25720294721,641.2902253753557,-0.033022428145727645
-127.775,47.732,262.38779189237,262.3906168053972,-0.002824913027211551
-128.592,47.8758,437.77934178494,437.7658353828343,0.01350640210569054
-128.76,48.3883,649.51371744501,649.6607720051061,-0.14705456009608042
-128.2583333,48.90666667,279.68160631424,283.6006787945926,-3.919072480352611
-127.79,47.7141,262.38779189237,262.3906168053972,-0.002824913027211551
-128.706,48.4569,615.10439485193,615.0951129789092,0.009281873020768217
-127.562,47.8323,250.09188623759,250.1266889645198,-0.034802726929797245
-128.5483,47.905,397.83439275395,398.6669859209678,-0.8325931670178193
-128.6858,48.4317,531.15760845266,531.1529655283236,0.004642924336394572
-127.784,47.7095,262.38779189237,262.3906168053972,-0.002824913027211551
-128.5908,47.9137,437.77934178494,437.775363846529,0.003977938411026116
-128.631,47.9497,437.77934178494,437.6619752304734,0.1173665544666278
-128.685,48.4367,531.15760845266,531.1529655283236,0.004642924336394572
-128.7102,48.4584,615.10439485193,615.0951129789092,0.009281873020768217
-126.947,48.6252,209.53524517387,209.54426957881486,-0.009024404944852904
-127.765,47.7047,262.38779189237,262.3906168053972,-0.002824913027211551
-127.2942,47.7613,229.06340145183,229.0879288075777,-0.02452735574769349
-128.616,47.9013,437.77934178494,437.775363846529,0.003977938411026116
-126.52,48.195,193.51597489366,193.5452515140126,-0.029276620352590044
-127.782,47.7035,262.38779189237,262.3906168053972,-0.002824913027211551
-128.69,48.48,615.10439485193,615.0804601231233,0.023934728806693784
-128.61,47.9456,437.77934178494,437.802713140665,-0.02337135572497573
-128.632,47.95,479.18126926088,479.20780394252586,-0.02653468164584183
-128.6794,48.4286,531.15760845266,531.1529655283236,0.004642924336394572
-128.6577,47.9115,495.3203091145,495.31928519242575,0.0010239220742391808
-127.7876,47.7092,262.38779189237,262.3906168053972,-0.002824913027211551
-126.924,48.6366,209.53524517387,209.60054385193146,-0.06529867806145262
-128.73,48.52,615.10439485193,614.3737242662708,0.7306705856592544
-128.6817,48.4367,531.15760845266,531.1529655283236,0.004642924336394572
-126.85,48.6683,197.26029061145,197.21366114973821,0.046629461711773956
-128.6617,48.4583,615.10439485193,615.0859753239855,0.01841952794450208
-129.096,47.956,2753.9345346423,2755.533346060631,-1.5988114183310245
-127.01,48.45,219.56808148788,217.93837838305785,1.6297031048221413
-129.098,47.9473,5015.9146722461,5015.706196813511,0.20847543258878432
-128.579,47.9293,437.77934178494,437.80032753862366,-0.020985753683646635
-127.789,47.6935,262.38779189237,262.3906168053972,-0.002824913027211551
-128.83,48.4283,649.51371744501,649.9711811211141,-0.457463676104112
-127.843,47.8562,274.77578451948,276.46891981389354,-1.693135294413537
-127.784,47.709,262.38779189237,262.3906168053972,-0.002824913027211551
-127.7,47.8623,264.85829724021,264.82240970432923,0.03588753588076088
-128.7067,48.4567,615.10439485193,615.0951129789092,0.009281873020768217
-129.094,47.9487,5015.9146722461,5015.473834425365,0.44083782073539624
-128.7,48.3,527.67515477576,527.7497621315811,-0.07460735582105826
-127.722,47.8668,264.85829724021,264.81142204700313,0.04687519320685851
-128.5547,47.9057,437.77934178494,437.76534487608774,0.013996908852277556
-128.7333,48.3883,531.15760845266,531.480920201202,-0.3233117485419825
-129.09,47.9567,2753.9345346423,2754.633007348372,-0.6984727060716978
-128.636,47.9508,479.18126926088,479.20780394252586,-0.02653468164584183
-128.64,48.48,508.22227635983,508.4018344184059,-0.17955805857587848
-129.091,47.9544,2753.9345346423,2753.9778428670993,-0.043308224799147865
-128.695,48.57,705.61038376803,706.1266154148217,-0.5162316467916526
-128.7079,48.4582,615.10439485193,615.0951129789092,0.009281873020768217
-129.097,47.9478,5015.9146722461,5015.735323477117,0.17934876898289076
-127.809,47.6937,262.38779189237,262.62082015589283,-0.23302826352284
-128.7076,48.4608,615.10439485193,615.0977612418136,0.006633610116409727
-128.68,48.44,531.15760845266,531.1933979108393,-0.035789458179237954
-128.6822,48.4328,531.15760845266,531.1529655283236,0.004642924336394572
-127.756,47.7203,262.38779189237,262.3906168053972,-0.002824913027211551
-127.788,47.7686,266.09179195412,266.0994440805359,-0.00765212641584867
-128.7113,48.4584,615.10439485193,615.0951129789092,0.009281873020768217
-128.68,48.47,615.10439485193,615.0882674151428,0.016127436787201077
-127.6508,47.9228,264.85829724021,264.6978299424416,0.16046729776837765
-128.6817,48.4067,531.15760845266,531.1529655283236,0.004642924336394572
-128.666,47.8912,495.3203091145,495.31928519242575,0.0010239220742391808
-128.8233,48.4567,807.68141835452,811.0638999464495,-3.3824815919294906
-128.5667,48.4517,508.22227635983,508.37114448557725,-0.14886812574724217
-128.705,47.8992,495.3203091145,495.32364658857,-0.003337474070008284
-127.793,47.7085,262.38779189237,262.3906168053972,-0.002824913027211551
-128.719,47.877,495.3203091145,495.32847029146757,-0.008161176967576012
-128.7031,48.4586,615.10439485193,615.0919274081186,0.012467443811374324
-128.7053,48.4608,615.10439485193,615.0977612418136,0.006633610116409727
-128.8817,48.3783,937.25075677736,943.6298360350337,-6.379079257673652
-128.69,48.43,531.15760845266,531.1529655283236,0.004642924336394572
-128.714,47.8752,495.3203091145,495.32847029146757,-0.008161176967576012
-128.7217,48.3883,531.15760845266,531.1923503740101,-0.034741921350018856
-128.69,48.56166667,705.61038376803,706.1266154148217,-0.5162316467916526
-128.6767,48.47,615.10439485193,615.0882674151428,0.016127436787201077
-128.6633,48.4267,531.15760845266,531.1529655283236,0.004642924336394572
-128.63,48.4517,508.22227635983,508.25054579481474,-0.028269434984736108
-128.6333,48.4617,508.22227635983,508.1777833061126,0.0444930537174173
-128.72,48.47,615.10439485193,615.0312421217387,0.07315273019128199
-127.7912,47.7084,262.38779189237,262.3906168053972,-0.002824913027211551
-126.901,48.648,209.53524517387,209.60054385193146,-0.06529867806145262
-128.7106,48.4575,615.10439485193,615.0951129789092,0.009281873020768217
-128.678,47.8936,495.3203091145,495.31928519242575,0.0010239220742391808
-128.6533,48.4217,531.15760845266,531.1529655283236,0.004642924336394572
-127.738,47.76,257.67515241703,257.7028600541387,-0.02770763710867641
-128.71,48.46,615.10439485193,615.0977612418136,0.006633610116409727
-128.73,48.39,531.15760845266,530.9849874722267,0.17262098043329388
-126.2313,48.3567,183.86368607476,184.10702251388358,-0.24333643912356706
-129.097,47.9473,5015.9146722461,5015.735323477117,0.17934876898289076
-128.6383,48.4783,508.22227635983,508.4538551528765,-0.23157879304648077
-128.71,48.46,615.10439485193,615.0977612418136,0.006633610116409727
-127.7778,47.7108,262.38779189237,262.3906168053972,-0.002824913027211551
-128.7099,48.458,615.10439485193,615.0951129789092,0.009281873020768217
-128.7733,48.3917,649.51371744501,649.6996902334201,-0.1859727884101403
-128.6162,47.936,437.77934178494,437.80032753862366,-0.020985753683646635
-128.5858,47.9127,437.77934178494,437.775363846529,0.003977938411026116
-128.76,48.49,807.68141835452,806.9615472476595,0.7198711068605235
-128.54,48.705,504.30966736407,504.72285557578147,-0.41318821171148556
-129.095,47.955,2753.9345346423,2752.297639794892,1.6368948474082572
-128.71,48.4583,615.10439485193,615.0951129789092,0.009281873020768217
-127.7647,47.8435,266.09179195412,266.13113664476106,-0.03934469064103041
-128.7117,48.4567,615.10439485193,615.0951129789092,0.009281873020768217
-128.7717,48.5067,807.68141835452,817.1701838366276,-9.488765482107624
-128.7095,48.4544,615.10439485193,615.0951129789092,0.009281873020768217
-128.79,48.42,649.51371744501,649.0394238046895,0.4742936403205249
-129.3,48.0,635.5119008556,646.799383751616,-11.287482896016058
-128.6933,48.4833,615.10439485193,615.0113712359368,0.093023615993161
-128.59,47.8753,437.77934178494,437.7658353828343,0.01350640210569054
-128.7933,48.45,807.68141835452,803.0576861012471,4.6237322532729195
-128.675,47.8375,448.73843215919,449.3490826709001,-0.6106505117101051
-128.71,48.46,615.10439485193,615.0977612418136,0.006633610116409727
-128.6255,47.9372,437.77934178494,437.80032753862366,-0.020985753683646635
-128.5608,47.9253,437.77934178494,437.8579786291975,-0.07863684425745987
-128.6867,48.395,531.15760845266,531.1529655283236,0.004642924336394572
-128.66,48.43,531.15760845266,531.1529655283236,0.004642924336394572
-128.63,48.49,508.22227635983,508.15801775164846,0.0642586081815466
-128.6267,48.46,508.22227635983,508.31589177416674,-0.09361541433673892
-127.762,47.7829,266.09179195412,266.2069915155306,-0.11519956141057719
-128.7167,48.4583,615.10439485193,615.0951129789092,0.009281873020768217
-127.647,47.7176,250.10420768974,250.08401422169075,0.020193468049257035
-127.705,47.9008,264.85829724021,264.80738949209245,0.050907748117538176
-128.8175,47.9533,668.06843298537,668.1732947910285,-0.10486180565851555
-128.61,47.934,437.77934178494,437.80032753862366,-0.020985753683646635
-127.786,47.7045,262.38779189237,262.3906168053972,-0.002824913027211551
-127.8893,47.8617,287.95214121249,290.1779570225613,-2.2258158100713104
-128.715,48.39,531.15760845266,531.1963643859162,-0.03875593325619775
-127.757,47.762,266.09179195412,266.1141971098331,-0.022405155713101976
-128.7104,48.4597,615.10439485193,615.0951129789092,0.009281873020768217
-128.663,47.8967,495.3203091145,495.31928519242575,0.0010239220742391808
-128.7082,48.4546,615.10439485193,615.0951129789092,0.009281873020768217
-128.3883,48.4333,405.05822019202,406.65983690506584,-1.6016167130458712
-128.68,48.41,531.15760845266,531.1529655283236,0.004642924336394572
-126.87,48.6683,200.93636013052,200.9624901307794,-0.02613000025939982
-128.7117,48.4617,615.10439485193,615.0458887668641,0.058506085065914704
-126.86,48.6767,200.93636013052,200.9624901307794,-0.02613000025939982
-127.802,47.6922,262.38779189237,262.36307874047867,0.024713151891319285
-127.747,47.7601,257.67515241703,257.7028600541387,-0.02770763710867641
-127.545,47.8287,241.22702852783,241.55644129547127,-0.329412767641287
-128.7,48.4767,615.10439485193,615.0882674151428,0.016127436787201077
-128.445,48.44,405.05822019202,407.0852682774406,-2.027048085420631
-127.7178,47.8497,257.67515241703,257.6906036800622,-0.015451263032218776
-127.562,47.8323,250.09188623759,250.1266889645198,-0.034802726929797245
-128.6767,48.4633,615.10439485193,615.0825395889309,0.02185526299911089
-128.63,48.4583,508.22227635983,508.25054579481474,-0.028269434984736108
-127.5525,47.8308,250.09188623759,250.1266889645198,-0.034802726929797245
-126.82,48.6917,197.26029061145,196.7402784317035,0.5200121797464874
-127.259,47.7575,229.06340145183,229.0879288075777,-0.02452735574769349
-128.71,48.4567,615.10439485193,615.0951129789092,0.009281873020768217
-126.82,48.6967,197.26029061145,196.68694950969405,0.5733411017559433
-128.827,47.9243,581.09921225716,581.1644380303414,-0.06522577318139611
-128.6038,47.9157,437.77934178494,437.775363846529,0.003977938411026116
-127.798,47.7129,262.38779189237,262.3906168053972,-0.002824913027211551
-128.63,47.8517,437.77934178494,437.9347564524964,-0.15541466755638567
-128.6483,48.4633,508.22227635983,508.86497218469174,-0.6426958248617325
-127.678,47.8585,264.85829724021,264.8462967854273,0.012000454782707948
-129.095,47.9537,2753.9345346423,2754.190402345487,-0.2558677031870502
-129.09,47.9554,2753.9345346423,2751.754346827086,2.18018781521414
-126.5067,48.2867,193.50076947019,193.30521841166495,0.19555105852504084
-128.7,48.31,527.67515477576,527.7497621315811,-0.07460735582105826
-128.6832,48.4259,531.15760845266,531.1529655283236,0.004642924336394572
-129.095,47.9539,2753.9345346423,2754.768016818667,-0.8334821763669424
-128.71,48.47,615.10439485193,615.0974050700665,0.006989781863467215
-129.3,48.0,635.5119008556,646.799383751616,-11.287482896016058
-128.613,47.9,437.77934178494,437.775363846529,0.003977938411026116
-127.7742,47.7348,262.38779189237,262.3906168053972,-0.002824913027211551
-128.7123,48.454,615.10439485193,615.0951129789092,0.009281873020768217
-128.72,48.46,615.10439485193,615.1297055198676,-0.025310667937560538
-126.8807,48.6582,200.93636013052,200.9624901307794,-0.02613000025939982
-128.686,47.9167,495.3203091145,495.31928519242575,0.0010239220742391808
-129.1883333,48.705,533.85669558318,534.4947461813878,-0.6380505982077693
-126.87,48.6717,200.93636013052,200.9624901307794,-0.02613000025939982
-128.614,47.9365,437.77934178494,437.80032753862366,-0.020985753683646635
-126.7258,48.0965,197.89847269812,198.0484619218463,-0.14998922372629409
-128.75,48.42,649.51371744501,649.346125890934,0.16759155407601156
-128.845,48.4283,649.51371744501,645.9176181451024,3.5960992999075643
-129.099,47.9473,5015.9146722461,5015.934460514165,-0.01978826806498546
-127.753,47.7384,262.38779189237,262.3906168053972,-0.002824913027211551
-128.743,47.9069,495.3203091145,495.32628936920594,-0.0059802547059462086
-127.786,47.7132,262.38779189237,262.3906168053972,-0.002824913027211551
-128.68,48.45,615.10439485193,615.0859753239855,0.01841952794450208
-128.605,48.3833,465.29943271476,465.36099422637227,-0.061561511612296727
-128.709,48.4557,615.10439485193,615.0951129789092,0.009281873020768217
-127.709,47.907,264.85829724021,264.80738949209245,0.050907748117538176
-128.71,48.46,615.10439485193,615.0977612418136,0.006633610116409727
-128.561,47.8696,437.77934178494,437.7558164123931,0.02352537254694198
-128.672,47.8615,495.3203091145,495.1153280069348,0.20498110756517463
-126.282,48.3263,185.04898643471,184.7899099430819,0.2590764916280932
-127.7865,47.7098,262.38779189237,262.3906168053972,-0.002824913027211551
-126.83,48.6917,197.26029061145,196.7402784317035,0.5200121797464874
-127.728,47.868,264.85829724021,264.8334586113548,0.024838628855206935
-128.65,48.43,531.15760845266,531.1529655283236,0.004642924336394572
-128.64,48.48,508.22227635983,508.4018344184059,-0.17955805857587848
-126.719,48.7371,194.20406068911,194.42011679760677,-0.21605610849675827
-127.7867,47.7091,262.38779189237,262.3906168053972,-0.002824913027211551
-128.71,48.47,615.10439485193,615.0974050700665,0.006989781863467215
-128.6417,48.42,465.29943271476,465.3451376736616,-0.04570495890163784
-129.505,48.815,397.14186106512,393.4089262194167,3.732934845703312
-126.4,48.2497,189.21104853919,189.35461530450058,-0.1435667653105952
-128.7383,48.3617,531.15760845266,530.2011559402056,0.9564525124544616
-128.7041,48.4566,615.10439485193,615.0951129789092,0.009281873020768217
-127.7837,47.719,262.38779189237,262.3906168053972,-0.002824913027211551
-128.67,48.45,615.10439485193,615.0859753239855,0.01841952794450208
-126.78,48.0683,202.53256737976,202.61895061270306,-0.0863832329430636
-128.5666667,48.35666667,465.29943271476,465.47040859108597,-0.17097587632599698
-128.5553,47.8915,437.77934178494,437.76534487608774,0.013996908852277556
-128.7089,48.4552,615.10439485193,615.0951129789092,0.009281873020768217
-128.68,48.39,531.15760845266,531.1529655283236,0.004642924336394572
-128.6817,48.4533,615.10439485193,615.0859753239855,0.01841952794450208
-128.7767,48.3433,641.25720294721,641.8169591299877,-0.5597561827777326
-128.68,48.44,531.15760845266,531.1933979108393,-0.035789458179237954
-128.6187,47.9362,437.77934178494,437.80032753862366,-0.020985753683646635
-128.835,47.9257,581.09921225716,582.2888713748393,-1.189659117679298
-128.7517,48.4167,649.51371744501,649.346125890934,0.16759155407601156
-129.095,47.9474,5015.9146722461,5015.559974292292,0.35469795380777214
-127.791,47.7112,262.38779189237,262.3906168053972,-0.002824913027211551
-128.7483,48.385,531.15760845266,531.9466415014595,-0.7890330487994106
-128.73,48.34,527.67515477576,527.9203759057737,-0.24522113001364687
-128.7076,48.4544,615.10439485193,615.0951129789092,0.009281873020768217
-128.818,47.9292,581.09921225716,580.9511385765718,0.14807368058825432
-128.8217,48.4283,649.51371744501,648.5971961469228,0.9165212980872184
-127.8528,47.8567,287.95214121249,287.08071390764877,0.8714273048412338
-128.625,48.4767,508.22227635983,508.16488756075614,0.05738879907386263
-127.783,47.7045,262.38779189237,262.3906168053972,-0.002824913027211551
-128.7151,48.46,615.10439485193,615.0977612418136,0.006633610116409727
-126.932,48.6328,209.53524517387,209.60054385193146,-0.06529867806145262
-128.7096,48.4547,615.10439485193,615.0951129789092,0.009281873020768217
-129.091,47.9539,2753.9345346423,2753.9778428670993,-0.043308224799147865
-127.7853,47.7105,262.38779189237,262.3906168053972,-0.002824913027211551
-129.097,47.9504,2753.9345346423,2753.698982372564,0.23555226973621757
-128.7092,48.4557,615.10439485193,615.0951129789092,0.009281873020768217
-126.86,48.675,200.93636013052,200.9624901307794,-0.02613000025939982
-128.7006,48.4607,615.10439485193,615.0886235868899,0.01577126504014359
-129.45,48.54666667,441.16162579078,439.8576429020264,1.3039828887536373
-128.599,47.9432,437.77934178494,437.80032753862366,-0.020985753683646635
-127.773,47.7654,266.09179195412,266.0994440805359,-0.00765212641584867
-129.089,47.9523,2753.9345346423,2754.1524257046185,-0.2178910623183583
-127.723,47.7555,257.67515241703,257.7028600541387,-0.02770763710867641
-128.8033,48.425,649.51371744501,650.5042213648574,-0.990503919847356
-128.64,48.4467,465.29943271476,464.9672512252139,0.3321814895460875
-128.67,48.42,531.15760845266,531.1529655283236,0.004642924336394572
-129.15,48.0,891.98777747395,890.2936189183804,1.6941585555696292
-128.78,48.42,649.51371744501,649.4007339719027,0.11298347310730605
-128.68,48.43,531.15760845266,531.1529655283236,0.004642924336394572
-128.67,48.45,615.10439485193,615.0859753239855,0.01841952794450208
-128.7098,48.4563,615.10439485193,615.0951129789092,0.009281873020768217
-129.093,47.9543,2753.9345346423,2755.2489515074544,-1.3144168651542714
-128.7133,48.4567,615.10439485193,615.0951129789092,0.009281873020768217
-128.5943,47.9137,437.77934178494,437.775363846529,0.003977938411026116
-129.097,47.9569,2753.9345346423,2753.342470051901,0.5920645903993318
-128.709,48.456,615.10439485193,615.0951129789092,0.009281873020768217
-128.7068,47.9205,495.3203091145,495.32364658857,-0.003337474070008284
-128.6317,48.46,508.22227635983,508.31589177416674,-0.09361541433673892
-128.7683,47.942,581.09921225716,581.395034305541,-0.2958220483809555
-128.6865,48.4284,531.15760845266,531.1529655283236,0.004642924336394572
-128.64,48.42,465.29943271476,465.3451376736616,-0.04570495890163784
-128.7,48.44,531.15760845266,531.1933979108393,-0.035789458179237954
-128.63,48.44,465.29943271476,465.34767064011737,-0.048237925357398126
-126.4195,48.2409,189.21104853919,189.23100275964995,-0.0199542204599652
-128.7076,48.4572,615.10439485193,615.0951129789092,0.009281873020768217
-128.785,48.4217,649.51371744501,648.8352017743489,0.6785156706611133
-126.85,48.67,197.26029061145,197.21366114973821,0.046629461711773956
-126.88,48.6667,200.93636013052,200.9624901307794,-0.02613000025939982
-128.5647,47.9262,437.77934178494,437.8579786291975,-0.07863684425745987
-128.7908,47.948,581.09921225716,580.9953543183932,0.10385793876685057
-128.6333,48.4583,508.22227635983,508.25054579481474,-0.028269434984736108
-128.52,47.8611,397.83439275395,397.50314356301203,0.33124919093796734
-127.761,47.7629,266.09179195412,266.1141971098331,-0.022405155713101976
-128.6863,48.4387,531.15760845266,531.1554395204776,0.0021689321824851504
-128.73,48.435,531.15760845266,530.8730554955254,0.28455295713467876
-127.7793,47.724,262.38779189237,262.3906168053972,-0.002824913027211551
-127.7848,47.7122,262.38779189237,262.3906168053972,-0.002824913027211551
-128.8128,47.935,581.09921225716,580.9511385765718,0.14807368058825432
-128.556,47.9255,437.77934178494,437.8579786291975,-0.07863684425745987
-128.7683,48.4417,649.51371744501,649.9319995079178,-0.41828206290779235
-128.698,48.46,615.10439485193,615.0886235868899,0.01577126504014359
-127.712,47.8642,264.85829724021,264.82240970432923,0.03588753588076088
-128.6467,48.405,465.29943271476,465.3911888227593,-0.09175610799934475
-126.86,48.6867,200.93636013052,201.12125446788906,-0.1848943373690588
-128.591,47.951,479.18126926088,479.20780394252586,-0.02653468164584183
-128.78,48.51,807.68141835452,816.9832041677826,-9.30178581326254
-128.7,48.46,615.10439485193,615.0886235868899,0.01577126504014359
-128.72,48.45,615.10439485193,615.1270572569632,-0.02266240503320205
-127.773,47.7146,262.38779189237,262.3906168053972,-0.002824913027211551
-127.788,47.7684,266.09179195412,266.0994440805359,-0.00765212641584867
-128.8033,48.5233,807.68141835452,804.4823485502687,3.1990698042512804
-127.777,47.845,266.09179195412,266.13113664476106,-0.03934469064103041
-126.88,48.6733,200.93636013052,200.9624901307794,-0.02613000025939982
-128.68,48.43,531.15760845266,531.1529655283236,0.004642924336394572
-128.552,47.8907,437.77934178494,437.7133707345803,0.06597105035973527
-128.6717,48.4417,531.15760845266,530.9196674894484,0.2379409632115994
-128.73,48.49,615.10439485193,615.1725323691616,-0.06813751723154837
-129.097,47.9478,5015.9146722461,5015.735323477117,0.17934876898289076
-129.095,47.9552,2753.9345346423,2752.297639794892,1.6368948474082572
-127.237,47.7535,225.22161419461,225.26766695598099,-0.04605276137098713
-127.6575,47.8245,257.67515241703,257.5060078642322,0.1691445527978317
-127.776,47.7077,262.38779189237,262.3906168053972,-0.002824913027211551
-128.61,48.38,465.29943271476,465.36099422637227,-0.061561511612296727
-127.723,47.9333,264.85829724021,265.14595135825874,-0.2876541180487493
-128.715,48.545,615.10439485193,614.1831252553895,0.9212695965404691
-128.7063,48.4548,615.10439485193,615.0951129789092,0.009281873020768217
-128.64,48.42,465.29943271476,465.3451376736616,-0.04570495890163784
-126.91,48.6533,200.93636013052,201.02138554246176,-0.08502541194175706
-128.588,47.9411,437.77934178494,437.80032753862366,-0.020985753683646635
-128.708,47.8715,495.3203091145,495.3221635393893,-0.0018544248893022086
-126.5495,48.1819,193.51597489366,193.6749082912916,-0.15893339763158565
-128.614,47.8804,437.77934178494,437.7658353828343,0.01350640210569054
-127.785,47.7163,262.38779189237,262.3906168053972,-0.002824913027211551
-128.61,48.45,508.22227635983,508.1252311940969,0.09704516573310684
-128.7094,48.4557,615.10439485193,615.0951129789092,0.009281873020768217
-127.782,47.709,262.38779189237,262.3906168053972,-0.002824913027211551
-128.7075,48.4566,615.10439485193,615.0951129789092,0.009281873020768217
-128.6383,48.4833,508.22227635983,508.459655459099,-0.23737909926899192
-129.098,47.957,2753.9345346423,2753.342470051901,0.5920645903993318
-128.523,47.8616,397.83439275395,397.78555106616255,0.04884168778744424
-127.507,47.82,241.22702852783,241.55644129547127,-0.329412767641287
-128.9,48.38,937.25075677736,983.3448738910895,-46.09411711372945
-127.7827,47.7182,262.38779189237,262.3906168053972,-0.002824913027211551
-128.587,47.9408,437.77934178494,437.80032753862366,-0.020985753683646635
-128.73,48.47,615.10439485193,615.0683142133946,0.03608063853539534
-128.7,48.48,615.10439485193,615.0804601231233,0.023934728806693784
-128.6883,48.4333,531.15760845266,531.1529655283236,0.004642924336394572
-128.6367,48.4617,508.22227635983,508.13772283984804,0.08455351998196647
-126.84,48.6867,197.26029061145,197.4140103880615,-0.15371977661152414
-129.098,47.9567,2753.9345346423,2753.342470051901,0.5920645903993318
-127.796,47.7702,266.09179195412,266.0994440805359,-0.00765212641584867
-128.6933,48.4433,531.15760845266,530.9196674894484,0.2379409632115994
-128.6633,48.4217,531.15760845266,531.1529655283236,0.004642924336394572
-128.6583,47.8908,495.3203091145,495.31928519242575,0.0010239220742391808
-128.58,48.47,508.22227635983,508.1787184323349,0.04355792749510101
-128.685,48.4367,531.15760845266,531.1529655283236,0.004642924336394572
-128.65,48.43,531.15760845266,531.1529655283236,0.004642924336394572
-129.091,47.9547,2753.9345346423,2753.9778428670993,-0.043308224799147865
-129.098,47.9567,2753.9345346423,2753.342470051901,0.5920645903993318
-128.7032,48.4639,615.10439485193,615.088491673064,0.015903178865983136
-128.69,48.4,531.15760845266,531.1529655283236,0.004642924336394572
-127.785,47.8473,266.09179195412,266.13113664476106,-0.03934469064103041
-126.5248,48.1931,193.51597489366,193.5452515140126,-0.029276620352590044
-128.698,47.8837,495.3203091145,495.31928519242575,0.0010239220742391808
-127.779,47.691,262.38779189237,262.3906168053972,-0.002824913027211551
-128.5233,48.4467,432.69780102486,432.57006745725744,0.12773356760254728
-128.71,48.4567,615.10439485193,615.0951129789092,0.009281873020768217
-128.6918,47.9178,495.3203091145,495.31928519242575,0.0010239220742391808
-128.71,48.46,615.10439485193,615.0977612418136,0.006633610116409727
-128.7766667,48.645,1159.913015559,1141.5855385465031,18.327477012496956
-127.7766,47.7098,262.38779189237,262.3906168053972,-0.002824913027211551
-128.69,48.44,531.15760845266,531.1933979108393,-0.035789458179237954
-127.761,47.7098,262.38779189237,262.3906168053972,-0.002824913027211551
-127.765,47.77,266.09179195412,266.0994440805359,-0.00765212641584867
-127.657,47.9377,264.85829724021,265.05553366736626,-0.19723642715626966
-128.71,48.46,615.10439485193,615.0977612418136,0.006633610116409727
-128.71,48.465,615.10439485193,615.0916772438546,0.01271760807537703
-127.7864,47.7099,262.38779189237,262.3906168053972,-0.002824913027211551
-127.71,47.7721,257.67515241703,257.7028600541387,-0.02770763710867641
-127.684,47.8633,264.85829724021,264.82240970432923,0.03588753588076088
-128.599,47.9525,479.18126926088,479.20780394252586,-0.02653468164584183
-128.55,48.46,508.22227635983,508.5077336292408,-0.28545726941081284
-128.556,47.9255,437.77934178494,437.8579786291975,-0.07863684425745987
-127.6932,47.8792,264.85829724021,264.89565871592094,-0.03736147571095216
-128.7083,48.455,615.10439485193,615.0951129789092,0.009281873020768217
-128.6833,48.4433,531.15760845266,530.9196674894484,0.2379409632115994
-128.685,47.8685,495.3203091145,495.31780214324505,0.002506971254945256
-127.334,47.7743,229.06340145183,229.0879288075777,-0.02452735574769349
-127.699,47.8892,264.85829724021,264.89565871592094,-0.03736147571095216
-128.8235,47.9108,581.09921225716,581.1425444768483,-0.04333221968829548
-127.759,47.7151,262.38779189237,262.3906168053972,-0.002824913027211551
-128.6848,48.4293,531.15760845266,531.1529655283236,0.004642924336394572
-126.544,48.1841,193.51597489366,193.6749082912916,-0.15893339763158565
-128.682,48.4312,531.15760845266,531.1529655283236,0.004642924336394572
-128.7067,48.4583,615.10439485193,615.0951129789092,0.009281873020768217
-128.69,48.45,615.10439485193,615.0859753239855,0.01841952794450208
-127.787,47.7092,262.38779189237,262.3906168053972,-0.002824913027211551
-128.8273,47.9158,581.09921225716,581.0627509721679,0.03646128499212864
-129.097,47.9565,2753.9345346423,2752.8935561956755,1.0409784466246492
-128.7128,48.455,615.10439485193,615.0951129789092,0.009281873020768217
-128.672,47.8615,495.3203091145,495.1153280069348,0.20498110756517463
-128.815,47.9188,581.09921225716,581.0802032191704,0.019009037989690114
-126.415,48.2967,189.00025789345,188.9813901261367,0.01886776731330997
-126.6825,48.119,197.89847269812,198.0484619218463,-0.14998922372629409
-128.6816,48.4231,531.15760845266,531.1529655283236,0.004642924336394572
-127.5975,47.8417,250.09188623759,250.21704846154972,-0.12516222395973386
-127.641,47.9028,254.60619139326,254.70126851525018,-0.0950771219901867
-128.528,47.8627,397.83439275395,397.78555106616255,0.04884168778744424
-127.7778,47.7268,262.38779189237,262.3906168053972,-0.002824913027211551
-128.64,47.9422,437.77934178494,437.84972464972526,-0.07038286478524469
-128.687,47.8705,495.3203091145,495.31780214324505,0.002506971254945256
-127.762,47.7403,262.38779189237,262.3906168053972,-0.002824913027211551
-129.092,47.9476,5015.9146722461,5017.579951830247,-1.6652795841473562
-127.507,47.82,241.22702852783,241.55644129547127,-0.329412767641287
-128.5672,47.8933,437.77934178494,437.775363846529,0.003977938411026116
-128.623,47.936,437.77934178494,437.80032753862366,-0.020985753683646635
-128.69,48.43,531.15760845266,531.1529655283236,0.004642924336394572
-128.6833,48.4517,615.10439485193,615.0859753239855,0.01841952794450208
-128.644,47.8867,437.77934178494,437.82055426746007,-0.04121248252005216
-128.64,48.46,508.22227635983,508.0614301445936,0.16084621523640408
-128.71,48.39,531.15760845266,531.1915406830186,-0.03393223035857318
-126.88,48.6683,200.93636013052,200.9624901307794,-0.02613000025939982
-127.718,47.8497,257.67515241703,257.6906036800622,-0.015451263032218776
-128.67,48.44,531.15760845266,531.1933979108393,-0.035789458179237954
-127.7855,47.7152,262.38779189237,262.3906168053972,-0.002824913027211551
-127.3025,47.7652,229.06340145183,229.0879288075777,-0.02452735574769349
-128.595,48.45,508.22227635983,508.2458298848594,-0.023553525029399225
-128.7167,48.455,615.10439485193,615.0951129789092,0.009281873020768217
-128.8283,48.3917,649.51371744501,649.5559283090228,-0.042210864012758975
-128.613,47.9462,437.77934178494,437.802713140665,-0.02337135572497573
-127.664,47.8315,257.67515241703,257.68870327879716,-0.013550861767157585
-128.7129,48.454,615.10439485193,615.0951129789092,0.009281873020768217
-128.63,48.46,508.22227635983,508.31589177416674,-0.09361541433673892
-128.65,48.39,531.15760845266,531.1529655283236,0.004642924336394572
-126.454,48.2251,193.51597489366,193.3867488268806,0.12922606677940962
-128.525,47.8855,397.83439275395,397.91980988546925,-0.08541713151925023
-128.7117,48.4183,531.15760845266,531.0844324092149,0.07317604344518713
-128.58,47.912,437.77934178494,437.775363846529,0.003977938411026116
-128.7113,48.4534,615.10439485193,615.0951129789092,0.009281873020768217
-128.6328,47.939,437.77934178494,437.80032753862366,-0.020985753683646635
-128.613,47.9,437.77934178494,437.775363846529,0.003977938411026116
-126.568,48.1732,197.81017418377,197.83643383973958,-0.02625965596959645
-128.64,48.45,508.22227635983,507.87076956452375,0.35150679530624984
-128.7109,48.4537,615.10439485193,615.0951129789092,0.009281873020768217
-127.6332,47.7752,250.09188623759,250.02726729497698,0.06461894261300927
-127.7353,47.9553,272.56015126259,270.76827906173054,1.7918722008594727
-128.633,47.904,437.77934178494,437.775363846529,0.003977938411026116
-128.8392,47.9242,581.09921225716,582.7553629231853,-1.656150666025269
-128.7062,48.456,615.10439485193,615.0951129789092,0.009281873020768217
-128.7167,48.4567,615.10439485193,615.0951129789092,0.009281873020768217
-128.6823,48.4344,531.15760845266,531.1529655283236,0.004642924336394572
-128.71,48.46,615.10439485193,615.0977612418136,0.006633610116409727
-128.68,48.43,531.15760845266,531.1529655283236,0.004642924336394572
-128.68,48.4317,531.15760845266,531.1529655283236,0.004642924336394572
-128.72,48.46,615.10439485193,615.1297055198676,-0.025310667937560538
-128.685,47.8685,495.3203091145,495.31780214324505,0.002506971254945256
-128.7218,47.9222,495.3203091145,495.32847029146757,-0.008161176967576012
-128.695,48.89666667,348.45818255,352.277310311239,-3.819127761238974
-127.7847,47.7163,262.38779189237,262.3906168053972,-0.002824913027211551
-127.779,47.7253,262.38779189237,262.3906168053972,-0.002824913027211551
-128.7033,48.435,531.15760845266,531.1244453116163,0.033163141043701216
-127.6308,47.7692,250.09188623759,250.02726729497698,0.06461894261300927
-128.6836,48.4335,531.15760845266,531.1529655283236,0.004642924336394572
-126.667,48.1266,197.89847269812,198.01583591496635,-0.11736321684634277
-127.702,47.8625,264.85829724021,264.82240970432923,0.03588753588076088
-128.685,47.8655,495.3203091145,495.20537536187925,0.11493375262074323
-126.91,48.65,209.53524517387,209.60054385193146,-0.06529867806145262
-126.5238,48.2786,193.50076947019,193.57462045786167,-0.0738509876716762
-127.7869,47.7129,262.38779189237,262.3906168053972,-0.002824913027211551
-128.601,47.9155,437.77934178494,437.775363846529,0.003977938411026116
-128.689,47.8758,495.3203091145,495.31928519242575,0.0010239220742391808
-127.765,47.7637,266.09179195412,266.0994440805359,-0.00765212641584867
-129.094,47.9552,2753.9345346423,2751.948955919978,1.985578722322316
-127.7278,47.8505,264.85829724021,264.7719143407438,0.08638289946617306
-128.65,48.42,531.15760845266,531.1529655283236,0.004642924336394572
-127.79,47.7265,262.38779189237,262.3906168053972,-0.002824913027211551
-128.7103,48.454,615.10439485193,615.0951129789092,0.009281873020768217
-126.85,48.6817,197.26029061145,197.25524605095185,0.005044560498134842
-128.3017,48.89,279.68160631424,283.6006787945926,-3.919072480352611
-128.64,48.47,508.22227635983,508.35178229243127,-0.12950593260126197
-128.7078,48.4548,615.10439485193,615.0951129789092,0.009281873020768217
-128.6818,48.4331,531.15760845266,531.1529655283236,0.004642924336394572
-128.6831,48.4283,531.15760845266,531.1529655283236,0.004642924336394572
-128.67,48.42,531.15760845266,531.1529655283236,0.004642924336394572
-128.6767,48.435,531.15760845266,531.1529655283236,0.004642924336394572
-128.6759,48.4329,531.15760845266,531.1529655283236,0.004642924336394572
-128.715,48.4167,531.15760845266,531.0844324092149,0.07317604344518713
-127.781,47.7254,262.38779189237,262.3906168053972,-0.002824913027211551
-126.4938,48.2071,193.51597489366,193.53359456057586,-0.01761966691586281
-127.735,47.8697,264.85829724021,264.89565871592094,-0.03736147571095216
-128.6773,48.4333,531.15760845266,531.1529655283236,0.004642924336394572
-127.695,47.8617,264.85829724021,264.82240970432923,0.03588753588076088
-128.74,48.49,615.10439485193,614.8917102660666,0.21268458586337147
-128.827,47.8865,581.09921225716,581.0627509721679,0.03646128499212864
-127.7953,47.8483,266.09179195412,266.0190843460557,0.07270760806432008
-128.84,48.36,649.51371744501,650.0903029430935,-0.5765854980835456
-128.8368,47.8645,581.09921225716,582.6242695997795,-1.5250573426194478
-128.6242,47.9018,437.77934178494,437.775363846529,0.003977938411026116
-128.7033,48.4567,615.10439485193,615.0951129789092,0.009281873020768217
-128.78,48.52,807.68141835452,815.409838220605,-7.728419866085005
-127.776,47.7095,262.38779189237,262.3906168053972,-0.002824913027211551
-129.092,47.9522,2753.9345346423,2754.1524257046185,-0.2178910623183583
-129.097,47.9478,5015.9146722461,5015.735323477117,0.17934876898289076
-128.68,48.43,531.15760845266,531.1529655283236,0.004642924336394572
-128.6317,48.4883,508.22227635983,508.15801775164846,0.0642586081815466
-128.65,48.435,531.15760845266,531.1529655283236,0.004642924336394572
-129.0666667,48.905,597.29151588308,582.8159996433906,14.475516239689455
-128.5187,47.917,397.83439275395,397.7154273238064,0.1189654301435894
-129.3433333,48.52833333,488.91264672101,506.35709881943455,-17.444452098424563
-128.72,48.44,531.15760845266,531.1248647917305,0.03274366092955461
-127.872,47.8593,287.95214121249,290.4218396203456,-2.469698407855617
-128.81,48.44666667,649.51371744501,652.3951120944427,-2.88139464943265
-128.625,48.46,508.22227635983,508.31589177416674,-0.09361541433673892
-127.778,47.7131,262.38779189237,262.3906168053972,-0.002824913027211551
-127.78,47.7087,262.38779189237,262.3906168053972,-0.002824913027211551
-127.7755,47.7092,262.38779189237,262.3906168053972,-0.002824913027211551
-127.801,47.7138,262.38779189237,262.36307874047867,0.024713151891319285
-127.737,47.758,257.67515241703,257.7028600541387,-0.02770763710867641
-128.65,48.44,531.15760845266,531.1933979108393,-0.035789458179237954
-127.7372,47.853,264.85829724021,264.79102047374437,0.06727676646562486
-126.526,48.1923,193.51597489366,193.5452515140126,-0.029276620352590044
-127.738,47.9602,272.56015126259,270.76827906173054,1.7918722008594727
-128.573,47.9383,437.77934178494,437.8547591521202,-0.07541736718019365
-128.78,48.51,807.68141835452,816.9832041677826,-9.30178581326254
-126.9295,48.6341,209.53524517387,209.60054385193146,-0.06529867806145262
-128.75,48.39,649.51371744501,649.4538222970131,0.05989514799694007
-126.9,48.6583,200.93636013052,201.02138554246176,-0.08502541194175706
-129.092,47.9531,2753.9345346423,2754.2281625045975,-0.2936278622973987
-128.6766667,48.65166667,817.48575116491,812.1431359204582,5.342615244451736
-128.6383,48.4817,508.22227635983,508.459655459099,-0.23737909926899192
-126.245,48.3493,182.93879566971,184.10702251388358,-1.1682268441735744
-128.85,47.925,581.09921225716,573.828592583523,7.270619673637043
-128.72,48.55,615.10439485193,614.219030340101,0.8853645118290387
-128.6967,48.4767,615.10439485193,615.0882674151428,0.016127436787201077
-128.66,48.46,615.10439485193,615.0886235868899,0.01577126504014359
-128.585,47.8967,437.77934178494,437.775363846529,0.003977938411026116
-127.583,47.8385,250.09188623759,250.1266889645198,-0.034802726929797245
-128.51,47.8589,397.83439275395,397.52254667512,0.31184607883000126
-128.6633,48.43,531.15760845266,531.1529655283236,0.004642924336394572
-126.7622,48.7156,197.26029061145,197.44044744463875,-0.18015683318876086
-128.7089,48.4589,615.10439485193,615.0951129789092,0.009281873020768217
-127.775,47.7138,262.38779189237,262.3906168053972,-0.002824913027211551
-128.6813,48.431,531.15760845266,531.1529655283236,0.004642924336394572
-127.791,47.6894,262.38779189237,262.3906168053972,-0.002824913027211551
-129.096,47.9532,2753.9345346423,2754.370660438704,-0.4361257964037577
-128.6777,48.4393,531.15760845266,531.1554395204776,0.0021689321824851504
-128.806,47.9198,581.09921225716,581.0518785651907,0.04733369196935655
-127.772,47.7083,262.38779189237,262.3906168053972,-0.002824913027211551
-128.7033,48.31,527.67515477576,527.7509726817775,-0.07581790601750527
-128.7092,48.4542,615.10439485193,615.0951129789092,0.009281873020768217
-126.5495,48.2664,193.50076947019,193.70427723514067,-0.2035077649506718
-128.673,48.4633,615.10439485193,615.0825395889309,0.02185526299911089
-128.82,48.43,649.51371744501,649.4909355820557,0.02278186295427531
-128.556,47.8685,437.77934178494,437.7558164123931,0.02352537254694198
-129.4266667,48.90833333,916.04899413288,1027.4392106699622,-111.39021653708221
-128.8467,48.4283,649.51371744501,645.9176181451024,3.5960992999075643
-128.7,48.48,615.10439485193,615.0804601231233,0.023934728806693784
-127.782,47.7198,262.38779189237,262.3906168053972,-0.002824913027211551
-127.754,47.7621,266.09179195412,266.1141971098331,-0.022405155713101976
-128.587,47.93,437.77934178494,437.80032753862366,-0.020985753683646635
-128.6467,48.4333,465.29943271476,465.3911888227593,-0.09175610799934475
-129.093,47.9557,2753.9345346423,2757.037336252863,-3.102801610562892
-127.783,47.7674,266.09179195412,266.0994440805359,-0.00765212641584867
-128.6814,48.433,531.15760845266,531.1529655283236,0.004642924336394572
-128.6967,48.46,615.10439485193,615.0886235868899,0.01577126504014359
-128.6383333,48.69666667,611.58810193509,604.8437420860705,6.7443598490194745
-128.7083,48.3167,527.67515477576,527.7509726817775,-0.07581790601750527
-127.753,47.7613,266.09179195412,266.1141971098331,-0.022405155713101976
-128.6365,47.9053,437.77934178494,437.775363846529,0.003977938411026116
-127.704,47.7295,253.08200722473,253.11720446842722,-0.03519724369721189
-128.525,48.81166667,368.41981768348,372.3094047971663,-3.889587113686275
-128.7617,48.485,807.68141835452,807.5898119128265,0.09160644169355692
-129.098,47.9478,5015.9146722461,5015.706196813511,0.20847543258878432
-128.5505,47.9062,437.77934178494,437.7677609185094,0.011580866430620063
-128.71,48.46,615.10439485193,615.0977612418136,0.006633610116409727
-128.78,48.51,807.68141835452,816.9832041677826,-9.30178581326254
-127.766,47.7642,266.09179195412,266.0994440805359,-0.00765212641584867
-126.85,48.6667,197.26029061145,197.21366114973821,0.046629461711773956
-128.83,48.36,649.51371744501,649.1775901400473,0.3361273049627016
-128.63,48.46,508.22227635983,508.31589177416674,-0.09361541433673892
-128.6683333,48.70333333,817.48575116491,807.4716213502703,10.01412981463966
-128.7049,48.4549,615.10439485193,615.0951129789092,0.009281873020768217
-129.2183333,48.80333333,640.46435999621,656.1371654067761,-15.672805410566184
-128.71,48.46,615.10439485193,615.0977612418136,0.006633610116409727
-126.8888,48.6542,200.93636013052,200.9624901307794,-0.02613000025939982
-128.597,47.9523,479.18126926088,479.20780394252586,-0.02653468164584183
-128.7125,48.4508,615.10439485193,615.0951129789092,0.009281873020768217
-126.87,48.6667,200.93636013052,200.9624901307794,-0.02613000025939982
-128.825,48.3583,649.51371744501,648.6354814429548,0.878236002055246
-128.68,48.4333,531.15760845266,531.1529655283236,0.004642924336394572
-127.576,47.836,250.09188623759,250.1266889645198,-0.034802726929797245
-128.6852,48.431,531.15760845266,531.1529655283236,0.004642924336394572
-128.7167,48.465,615.10439485193,615.0458887668641,0.058506085065914704
-127.682,47.7245,253.08200722473,253.11720446842722,-0.03519724369721189
-128.6833,48.3917,531.15760845266,531.1529655283236,0.004642924336394572
-127.756,47.7815,266.09179195412,266.2069915155306,-0.11519956141057719
-128.5488,47.9223,397.83439275395,397.23022960619255,0.604163147757447
-128.2383333,48.80833333,295.87729745076,291.9356568058583,3.9416406449017245
-127.643,47.717,250.10420768974,250.08401422169075,0.020193468049257035
-128.6917,48.3983,531.15760845266,531.1529655283236,0.004642924336394572
-128.7087,48.457,615.10439485193,615.0951129789092,0.009281873020768217
-127.7772,47.7285,262.38779189237,262.3906168053972,-0.002824913027211551
-127.7878,47.7127,262.38779189237,262.3906168053972,-0.002824913027211551
-129.2017,48.0167,891.98777747395,886.4703367275737,5.517440746376337
-128.488,48.4433,432.69780102486,432.6555550584234,0.04224596643661016
-127.759,47.7397,262.38779189237,262.3906168053972,-0.002824913027211551
-128.5705,47.893,437.77934178494,437.775363846529,0.003977938411026116
-128.81,48.46,807.68141835452,793.2785726583708,14.402845696149257
-127.772,47.7378,262.38779189237,262.3906168053972,-0.002824913027211551
-127.774,47.733,262.38779189237,262.3906168053972,-0.002824913027211551
-128.624,47.9484,437.77934178494,437.65708030017674,0.12226148476327126
-128.66,48.4283,531.15760845266,531.1529655283236,0.004642924336394572
-128.7042,48.4606,615.10439485193,615.0977612418136,0.006633610116409727
-128.7,48.45,615.10439485193,615.0859753239855,0.01841952794450208
-128.7097,48.4549,615.10439485193,615.0951129789092,0.009281873020768217
-128.6533,48.4617,615.10439485193,615.1542148232544,-0.049819971324382095
-127.8817,47.8602,287.95214121249,290.4218396203456,-2.469698407855617
-128.6567,48.4083,531.15760845266,531.1529655283236,0.004642924336394572
-127.8717,47.8593,287.95214121249,290.4218396203456,-2.469698407855617
-127.644,47.7953,250.09188623759,249.93848790541676,0.15339833217322507
-128.65,48.4217,531.15760845266,531.1529655283236,0.004642924336394572
-128.72,48.46,615.10439485193,615.1297055198676,-0.025310667937560538
-128.6833,48.4417,531.15760845266,530.9196674894484,0.2379409632115994
-128.8467,48.4633,807.68141835452,796.1092284486858,11.572189905834193
-128.78,48.35,649.51371744501,648.9524055995824,0.5613118454275536
-129.26,47.99,635.5119008556,646.799383751616,-11.287482896016058
-127.6782,47.8585,264.85829724021,264.8462967854273,0.012000454782707948
-128.551,47.9062,437.77934178494,437.7677609185094,0.011580866430620063
-127.7768,47.845,266.09179195412,266.13113664476106,-0.03934469064103041
-127.785,47.7164,262.38779189237,262.3906168053972,-0.002824913027211551
-128.61,48.38,465.29943271476,465.36099422637227,-0.061561511612296727
-128.64,48.47,508.22227635983,508.35178229243127,-0.12950593260126197
-127.729,47.7761,257.67515241703,257.7028600541387,-0.02770763710867641
-128.6867,47.8705,495.3203091145,495.31780214324505,0.002506971254945256
-128.65,48.43,531.15760845266,531.1529655283236,0.004642924336394572
-128.7091,48.4589,615.10439485193,615.0951129789092,0.009281873020768217
-127.5368,47.8282,241.22702852783,241.55644129547127,-0.329412767641287
-128.62,48.4767,508.22227635983,508.16488756075614,0.05738879907386263
-129.095,47.9475,5015.9146722461,5015.559974292292,0.35469795380777214
-129.097,47.9467,5015.9146722461,5015.735323477117,0.17934876898289076
-128.578,47.9392,437.77934178494,437.80032753862366,-0.020985753683646635
-128.622,47.9381,437.77934178494,437.80032753862366,-0.020985753683646635
-128.7333,48.5167,615.10439485193,614.3130820993493,0.7913127525806658
-126.88,48.6683,200.93636013052,200.9624901307794,-0.02613000025939982
-127.7795,47.7213,262.38779189237,262.3906168053972,-0.002824913027211551
-127.666,47.7216,253.08200722473,253.11720446842722,-0.03519724369721189
-127.8433,47.8562,274.77578451948,276.46891981389354,-1.693135294413537
-128.8083,48.3883,649.51371744501,649.707346350211,-0.19362890520096698
-128.8,47.9487,581.09921225716,581.2121775802182,-0.1129653230581198
-128.6834,48.4367,531.15760845266,531.1529655283236,0.004642924336394572
-127.545,47.8287,241.22702852783,241.55644129547127,-0.329412767641287
-128.6717,48.43,531.15760845266,531.1529655283236,0.004642924336394572
-128.7,48.44,531.15760845266,531.1933979108393,-0.035789458179237954
-127.809,47.7727,266.09179195412,266.21628866327643,-0.12449670915640354
-127.798,47.6915,262.38779189237,262.3906168053972,-0.002824913027211551
-127.815,47.75,262.38779189237,261.7785906215887,0.6092012707812842
-128.74,48.45,615.10439485193,614.8145903221816,0.28980452974838045
-127.7862,47.7101,262.38779189237,262.3906168053972,-0.002824913027211551
-128.6667,48.43,531.15760845266,531.1529655283236,0.004642924336394572
-128.6567,48.4583,615.10439485193,615.1885339815905,-0.084139129660457
-127.811,47.7732,266.09179195412,266.21628866327643,-0.12449670915640354
-128.569,47.9262,437.77934178494,437.8547591521202,-0.07541736718019365
-128.7083,48.4553,615.10439485193,615.0951129789092,0.009281873020768217
-128.65,48.42,531.15760845266,531.1529655283236,0.004642924336394572
-127.79,47.7094,262.38779189237,262.3906168053972,-0.002824913027211551
-128.7583,48.4383,649.51371744501,649.5510138534771,-0.037296408467113906
-128.63,48.4367,465.29943271476,465.33390358756634,-0.034470872806366515
-128.6783,48.4317,531.15760845266,531.1529655283236,0.004642924336394572
-127.7003,47.8623,264.85829724021,264.82240970432923,0.03588753588076088
-127.6553,47.933,264.85829724021,265.05553366736626,-0.19723642715626966
-129.45,47.9917,523.25895483361,525.3737136214444,-2.1147587878343757
-128.64,48.45,508.22227635983,507.87076956452375,0.35150679530624984
-128.571,47.9097,437.77934178494,437.775363846529,0.003977938411026116
-128.79,48.45,807.68141835452,803.0576861012471,4.6237322532729195
-127.3407,47.7758,229.06340145183,229.0879288075777,-0.02452735574769349
-128.8367,47.9233,581.09921225716,582.6536758650118,-1.5544636078517442
-126.88,48.6667,200.93636013052,200.9624901307794,-0.02613000025939982
-128.7091,48.4559,615.10439485193,615.0951129789092,0.009281873020768217
-128.5883,48.4533,508.22227635983,508.37114448557725,-0.14886812574724217
-128.6828,48.4299,531.15760845266,531.1529655283236,0.004642924336394572
-129.09,47.9569,2753.9345346423,2754.633007348372,-0.6984727060716978
-128.613,47.9342,437.77934178494,437.80032753862366,-0.020985753683646635
-128.68,48.44,531.15760845266,531.1933979108393,-0.035789458179237954
-127.765,47.77,266.09179195412,266.0994440805359,-0.00765212641584867
-127.6083,47.8435,250.09188623759,250.12230708083567,-0.030420843245678952
-128.596,47.9324,437.77934178494,437.80032753862366,-0.020985753683646635
-128.71,48.4567,615.10439485193,615.0951129789092,0.009281873020768217
-128.708,48.4534,615.10439485193,615.0951129789092,0.009281873020768217
-128.6567,48.445,531.15760845266,530.9196674894484,0.2379409632115994
-128.576,47.9579,479.18126926088,479.20780394252586,-0.02653468164584183
-128.64,48.42,465.29943271476,465.3451376736616,-0.04570495890163784
-128.685,47.8655,495.3203091145,495.20537536187925,0.11493375262074323
-127.78,47.7232,262.38779189237,262.3906168053972,-0.002824913027211551
-126.89,48.66,200.93636013052,200.9624901307794,-0.02613000025939982
-128.75,48.41,649.51371744501,649.346125890934,0.16759155407601156
-129.1617,48.0067,891.98777747395,890.2936189183804,1.6941585555696292
-128.6814,48.4311,531.15760845266,531.1529655283236,0.004642924336394572
-128.71,48.46,615.10439485193,615.0977612418136,0.006633610116409727
-127.4907,47.8183,241.22702852783,241.63223620657092,-0.4052076787409362
-127.772,47.7062,262.38779189237,262.3906168053972,-0.002824913027211551
-128.7067,48.4567,615.10439485193,615.0951129789092,0.009281873020768217
-128.73,48.4667,615.10439485193,615.0625863871827,0.04180846474730515
-128.599,47.9155,437.77934178494,437.775363846529,0.003977938411026116
-126.87,48.6883,200.93636013052,200.48638809625018,0.4499720342698197
-127.6847,47.8692,264.85829724021,264.8334586113548,0.024838628855206935
-128.7091,48.4565,615.10439485193,615.0951129789092,0.009281873020768217
-128.7093,48.453,615.10439485193,615.0951129789092,0.009281873020768217
-126.9051,48.6462,209.53524517387,209.60054385193146,-0.06529867806145262
-127.6202,47.8655,254.60619139326,254.73927641300526,-0.1330850197452662
-127.759,47.7822,266.09179195412,266.2069915155306,-0.11519956141057719
