long,lat,FA,age,q_ihfc,q_ps,q_stein,ps_z,stein_z,bathy
-128.9166696449996,45.10000090199982,-8.326332092285156,2.2878205453368197,170.7594006104417,312.7877104264257,337.17797510565674,3029.3940090365213,4510.454839397821,-2813.6996364800916
-128.9166696449996,45.21666757099982,-4.583536148071289,2.1645986130114996,155.17184472001026,321.56736805033,346.64224458003343,3014.940122823915,4310.202811739728,-2786.4001377600102
-128.9166696449996,45.33333423999981,-5.879003524780273,2.055793690406207,135.04099147458572,329.9672935184212,355.69717150317933,3001.8313731471562,4142.5950095926,-2779.1001429599805
-128.9166696449996,45.45000090899981,-4.933279991149902,1.9469887678009008,114.91013822915878,339.0618567461771,365.5009019931802,2988.3708878051702,3983.6293206091477,-2789.998570400195
-128.9166696449996,45.56666757799981,-5.931483268737793,1.8381848511251113,94.78063105166889,348.9523019842976,376.16257502929926,2974.5288655738723,3833.3070946206344,-2782.7999486401986
-128.9166696449996,45.683334246999806,-8.236231803894043,1.765007877515934,122.32472845656295,356.1125957107365,383.8812073775812,2964.987596604148,3737.067274808055,-2764.800209599988
-128.9166696449996,45.8000009159998,-6.043553352355957,1.691830903906757,149.868825861457,363.73256239757444,392.0953566302415,2955.2464011154593,3644.7365097060933,-2785.3992528002063
-128.9166696449996,45.9166675849998,-7.975963592529297,1.6186539302975795,177.41292326635107,371.86358848345776,400.86041618910895,2945.292158544762,3556.3147993147477,-2759.000107200094
-128.9166696449996,46.0333342539998,-9.118926048278809,1.5454769566884017,204.95702067124515,380.56547984362527,410.24085541547953,2935.1102471722875,3471.8021436340177,-2749.100688719982
-128.9166696449996,46.150000922999794,-9.024581909179688,1.4722999830792247,232.5011180761392,389.9083227086892,420.31222565786504,2924.6842920655354,3391.198542663906,-2727.8016369597963
-128.9166696449996,46.26666759199979,-8.819817543029785,1.3615068847764404,234.31405894794,405.4625413226957,437.0793164411682,2908.3926950682567,3276.6008640121813,-2733.899412880118
-128.9166696449996,46.38333426099979,-7.816226005554199,1.245164698213241,233.7376598781497,423.98184387538157,457.0426996782229,2890.554318285078,3165.908820871912,-2715.1988563201558
-128.9166696449996,46.500000929999786,-4.948735237121582,1.1179414777156949,226.58453629392753,447.4568121011245,482.34817680593596,2870.0646308689506,3056.17449887296,-2706.197070720568
-128.9166696449996,46.61666759899978,-10.233673095703123,0.9463196516484618,193.3810290414998,486.34194748398664,524.2654605516054,2840.476368235648,2926.865122330064,-2726.7992230400832
-128.9166696449996,46.73333426799978,-8.707416534423828,0.7952117706788959,184.03412469849738,530.541375547557,571.9114298736906,2812.1112652695583,2830.8120424825865,-2709.300668319527
-128.9166696449996,46.85000093699978,-5.882935523986816,0.6441038897093302,174.68722035549493,589.4984914510778,635.4658480805872,2780.8962913414716,2751.4274845696214,-2689.094095281061
-128.9166696449996,46.966667605999774,-5.478029251098633,0.5131784584124918,242.5214357114266,660.4294787628803,711.9278249320217,2750.7276633232364,2696.1235275151967,-2660.901737519715
-128.80000297599958,45.10000090199982,-8.75272274017334,2.4968346647182846,174.3498524692138,299.40963124128706,322.7567126964061,3053.0481411486617,4875.476920172687,-2819.50014284798
-128.80000297599958,45.21666757099982,-5.599267959594727,2.417589931226306,165.66638227661295,304.2771500381154,328.00378627696915,3044.201035073641,4733.330492581887,-2827.9998626879924
-128.80000297599958,45.33333423999981,-2.941872358322144,2.308785008621013,145.53552903118845,311.3643686539524,335.64364533268844,3031.8140309883465,4545.628198852093,-2786.4983539202485
-128.80000297599958,45.45000090899981,-1.9266456365585327,2.1999800860157066,125.4046757857615,318.97106184636135,343.84348606290706,3019.131544540422,4366.568018285971,-2775.499781840045
-128.80000297599958,45.56666757799981,-4.739668846130371,2.0911751634104077,105.27382254033574,327.16395744740646,352.67523953955856,3006.131363894567,4196.149950883559,-2764.9997901760153
-128.80000297599958,45.683334246999806,-1.5340508222579956,1.9894968365338395,94.6793054929056,335.42006017642035,361.5751288499092,2993.673335795438,4044.7056468410265,-2758.999428608081
-128.80000297599958,45.8000009159998,-7.4431657791137695,1.916319862924662,122.22340289779969,341.7642710136702,368.41404256819743,2984.5092189094767,3940.3828632194522,-2770.995394496963
-128.80000297599958,45.9166675849998,-5.480074882507324,1.8431428893154846,149.76750030269372,348.4826466150489,375.6562973172214,2975.1683953517395,3839.969134308495,-2769.507277214594
-128.80000297599958,46.0333342539998,-9.787012100219728,1.7699659157063075,177.31159770758782,355.6134736556858,383.3431652543049,2965.6402309444734,3743.4644601081545,-2767.4990781761126
-128.80000297599958,46.150000922999794,-6.611700057983398,1.6967889420971298,204.85569511248187,363.2007581147562,391.52208381530664,2955.9129800816145,3650.86884061843,-2713.999064240151
-128.80000297599958,46.26666759199979,-1.1174769401550293,1.592951158046843,211.42639030442038,374.85165185994157,404.0814799495637,2941.7425911780956,3526.185088051814,-2617.0025834231255
-128.80000297599958,46.38333426099979,-10.745023727416992,1.4601572051305596,198.18973639385368,391.52621961131393,422.05628139718107,2922.9293766440132,3378.201558248561,-2763.4987143681824
-128.80000297599958,46.500000929999786,-10.489297866821287,1.3737051863152034,220.6149489929736,403.65830295656366,435.13438887968897,2910.218094827145,3288.77906770189,-2765.500999935858
-128.80000297599958,46.61666759899978,-12.195898056030272,1.2370033211149358,206.33204087890294,425.37819703671124,458.5479363476166,2889.272278535962,3158.5146840040243,-2733.500876063833
-128.80000297599958,46.73333426799978,-10.138514518737791,1.0492542244450949,154.37339467355832,461.8705758675796,497.88588343065896,2858.5158887616058,3001.841066043295,-2719.50071315175
-128.80000297599958,46.85000093699978,-9.437854766845703,0.898146343475529,145.02649033055587,499.2144019431651,538.1416711075393,2831.697041101895,2894.433401818939,-2714.9943256808697
-128.80000297599958,46.966667605999774,-7.069133758544922,0.782468449966214,245.00203579962746,534.8441393678422,576.5497105475183,2809.600363567069,2823.473759445273,-2684.5006383997734
-128.68333630699956,45.10000090199982,-11.992112159729004,2.6808472199070135,158.13189776663407,288.9512827238614,311.48285295541,3073.065253211717,5223.233763016355,-2827.89964553604
-128.68333630699956,45.21666757099982,-7.600493431091309,2.6209022544451797,156.92239320479356,292.23703086129564,315.0248140579638,3066.622031136749,5107.231948984876,-2843.6994349280585
-128.68333630699956,45.33333423999981,-0.5921834111213684,2.560957288983349,155.71288864295312,295.6374796777348,318.6904198607439,3060.104693696152,4993.853316138884,-2793.1992184481005
-128.68333630699956,45.45000090899981,-2.7879350185394287,2.452971404230513,135.89921334236422,302.07474412067,325.6296432308995,3048.1687669123785,4796.230079140005,-2785.099361744081
-128.68333630699956,45.56666757799981,-2.6572036743164062,2.344166481625214,115.76836009693851,309.00565905458257,333.1010105038023,3035.8734869342657,4605.7175201549235,-2791.600075983975
-128.68333630699956,45.683334246999806,-5.258827209472656,2.2353615590199145,95.63750685151275,316.4366439753965,341.1114417487667,3023.2893950577823,4423.847074333539,-2781.900142735979
-128.68333630699956,45.8000009159998,-4.413478851318359,2.1408088219425676,94.57797993414233,323.34914438967985,348.5629585920197,3012.1026075777827,4272.8177804191,-2768.0
-128.68333630699956,45.9166675849998,-5.306739807128906,2.06763184833339,122.1220773390364,329.02132912680344,354.67744359362405,3003.274181158581,4160.412032988532,-2764.498793040161
-128.68333630699956,46.0333342539998,4.143548965454102,1.9944548747242123,149.66617474393047,335.0028884696534,361.1254273217791,2994.2880963099515,4051.9153402685783,-2403.1008853447324
-128.68333630699956,46.150000922999794,-10.612760543823242,1.9212779011150352,177.21027214882454,341.3230087394701,367.93837196111866,2985.1355922694106,3947.327702259243,-2741.3984938562385
-128.68333630699956,46.26666759199979,-8.141467094421387,1.8243954313172448,188.53872166090076,350.26857133338825,377.58148318657624,2972.7456402087305,3814.8728217811013,-2771.599143584126
-128.68333630699956,46.38333426099979,-8.978875160217285,1.6916014784009619,175.30206775033406,363.7572273966518,392.12194493332265,2955.215532582224,3644.453180030837,-2767.2982359523717
-128.68333630699956,46.500000929999786,-10.774044036865234,1.5588075254846785,162.0654138397674,378.93473102757974,408.4829456083757,2936.9827477966073,3486.9065290502986,-2770.7018555677278
-128.68333630699956,46.61666759899978,-10.054034233093262,1.5022456744171664,207.49223810779745,386.0025537202235,416.10189630392097,2928.9814624387664,3423.7108542013566,-2762.300999151853
-128.68333630699956,46.73333426799978,-9.588858604431152,1.3560651645141766,186.07954546387836,406.27526208967265,437.955410780559,2907.575738548048,3271.203146599234,-2749.500224319947
-128.68333630699956,46.85000093699978,-12.248720169067385,1.1665590202050846,132.07754837585418,438.03347488038344,472.19003549502713,2878.0257662846843,3096.713880881974,-2740.199225728093
-128.68333630699956,46.966667605999774,-9.680928230285645,1.1037844422583654,282.21502207068824,450.31718908815446,485.43159756825014,2867.7140113956084,3044.694134664638,-2737.6004962237976
-128.56666963799955,45.10000090199982,-8.945996284484863,2.864859775095742,141.91394306405437,279.5174812289045,301.31343139699334,3092.4063828565895,5595.708858800994,-2836.2997096640647
-128.56666963799955,45.21666757099982,-6.667681694030762,2.804914809633908,140.7044385022138,282.4885316696192,304.516155603041,3086.175796310419,5471.654687595822,-2839.7986233442884
-128.56666963799955,45.33333423999981,-5.193661689758301,2.7449698441720773,139.49493394037336,285.55638154679525,307.8232273805867,3079.8782681831417,5350.223697576139,-2805.0
-128.56666963799955,45.45000090899981,-3.140823602676392,2.68502487871024,138.2854293785328,288.72640402801767,311.2404388810028,3073.5115932934614,5231.415888741923,-2794.1996392160668
-128.56666963799955,45.56666757799981,-4.2403564453125,2.59715779984002,126.26289765354122,293.5698765339327,316.46159111168953,3064.0494929351526,5062.008452603497,-2787.899001632152
-128.56666963799955,45.683334246999806,-2.6718344688415527,2.4883528772347203,106.13204440811548,299.919480248208,323.3063182276748,3052.1079853264696,4860.043515199444,-2769.600285247957
-128.56666963799955,45.8000009159998,-4.861985206604004,2.379547954629421,86.00119116268975,306.69975442045006,330.61529821586237,3039.9024212226723,4666.720690959088,-2769.0
-128.56666963799955,45.9166675849998,-4.667392730712891,2.292120807351296,94.47665437537903,312.4941612009593,336.861535775922,3029.8913085723652,4517.643495354856,-2764.300142623978
-128.56666963799955,46.0333342539998,11.42506504058838,2.2189438337421183,122.0207517802731,317.60512683006874,342.3710394559366,3021.364190977295,4397.1547841152915,-2663.5669700543076
-128.56666963799955,46.150000922999794,-4.403268814086914,2.145766860132941,149.56484918516716,322.9753608745959,348.1600285390069,3012.6952704738806,4280.575127586345,-2787.1991442561302
-128.56666963799955,46.26666759199979,-7.817137718200684,2.0558397045876466,165.65105301738114,329.96360080350803,355.6931908412302,3001.836989282363,4142.664065200043,-2778.2992074241356
-128.56666963799955,46.38333426099979,-8.942122459411621,1.9230457516713635,152.41439910681447,341.16608402460594,367.76921071904235,2985.3587380275976,3949.808311502767,-2764.5016036796856
-128.56666963799955,46.500000929999786,-9.081664085388184,1.7902517987550806,139.17774519624777,353.5929518038251,381.1650890577102,2968.3010200154354,3769.825548575218,-2765.1991442561302
-128.56666963799955,46.61666759899978,-7.7030744552612305,1.6574578458387972,125.9410912856811,367.4848276597679,396.1402124893188,2950.5980316371265,3602.715776417394,-2728.3002681441308
-128.56666963799955,46.73333426799978,-9.055829048156738,1.6307861625191291,194.36952722262134,370.4777667972884,399.36653220829953,2946.9578334793937,3570.7041803703114,-2741.4011409918267
-128.56666963799955,46.85000093699978,-8.41766357421875,1.4932641531067838,193.65244526999908,387.16165631640797,417.35138230766574,2927.697157759531,3413.890808298108,-2736.8994898720975
-128.56666963799955,46.966667605999774,-10.06052589416504,1.4152310871506566,304.4865248659085,397.69211383820505,428.70297390087467,2916.3721990910963,3331.050845963735,-2736.600285247957
-128.45000296899954,45.10000090199982,-10.848078727722168,3.048872330284471,125.69598836147462,270.9511755082934,292.07915037913,3111.135713618381,5992.902207526606,-2837.399852064042
-128.45000296899954,45.21666757099982,-3.0723445415496826,2.988927364822637,124.48648379963407,273.65474213073685,294.99353316634364,3105.0980104006067,5860.795679147741,-2820.300848527887
-128.45000296899954,45.33333423999981,-5.703444480895996,2.928982399360806,123.27697923779363,276.44088713095914,297.99693355008947,3098.999452355091,5731.312331954366,-2810.300787647864
-128.45000296899954,45.45000090899981,-3.432048320770264,2.869037433898969,122.06747467595304,279.3139017896923,301.09397743253567,3092.8381614341506,5604.452165946457,-2794.299857488022
-128.45000296899954,45.56666757799981,-4.742822647094727,2.809092468437135,120.8579701141125,282.2783962228829,304.2896344128962,3086.612160957774,5480.2151811240365,-2775.9995625600923
-128.45000296899954,45.683334246999806,-3.4984326362609863,2.7413441954495266,116.62658196471821,285.74515481940693,308.02672063716795,3079.495180258272,5342.963319242557,-2793.1014140958023
-128.45000296899954,45.8000009159998,-1.9918427467346191,2.632539272844227,96.49572871929247,291.5904053192019,314.3277665600378,3067.878561774802,5129.546003419533,-2756.401111343735
-128.45000296899954,45.9166675849998,-2.363677263259888,2.523734350238928,76.36487547386673,297.8097002918618,321.03202384242064,3056.019296341655,4924.770800760205,-2763.90187918365
-128.45000296899954,46.0333342539998,-1.6581714153289795,2.443432792760024,94.37532881661576,302.6637857028135,326.26461654123005,3047.101925707727,4779.182791648293,-2757.89908086413
-128.45000296899954,46.150000922999794,-7.381833076477051,2.3702558191508465,121.91942622150982,307.30034529125254,331.26272139437555,3038.8472305264067,4650.6111165997345,-2808.7995879680343
-128.45000296899954,46.26666759199979,-7.003353118896484,2.287283977858049,142.76338437386153,312.82439626717854,337.21752160025284,3029.3319254377266,4509.558818308641,-2758.700632991914
-128.45000296899954,46.38333426099979,-7.526280403137207,2.154490024941766,129.52673046329483,322.3208614761591,347.4544932046041,3013.7363409915306,4294.266952664353,-2745.2998574880226
-128.45000296899954,46.500000929999786,-6.371940612792969,2.021696072025483,116.29007655272817,332.7382478338946,358.6841966773074,2997.652256925578,4091.848077789792,-2734.300707327774
-128.45000296899954,46.61666759899978,-7.086578369140625,1.8889021191091995,103.05342264216148,344.2357189601174,371.0782067485165,2981.0306742723137,3902.302193684957,-2729.1999187520305
-128.45000296899954,46.73333426799978,-6.8908281326293945,1.7829565126321598,110.47758415282549,354.31560780691575,381.9440956481158,2967.345881331418,3760.310882967163,-2724.796782928524
-128.45000296899954,46.85000093699978,-2.8847527503967285,1.7455064898435833,144.55862234175032,358.0963752968988,386.01967625478306,2962.4116618402254,3712.079410721414,-2642.7998601283734
-128.45000296899954,46.966667605999774,-5.500654220581055,1.5939965186056329,164.1877001992623,374.72871576990445,403.9489576652016,2941.887512302837,3527.4010889843103,-2754.0009379998332
-128.33333629999953,45.10000090199982,-5.922931671142578,3.237127449772413,111.74437388241017,262.95459224837754,283.4590171019422,3129.720662355239,6424.832856015568,-2837.8005811198723
-128.33333629999953,45.21666757099982,-2.8857169151306152,3.1729399200113657,108.26852909705434,265.60101758911867,286.3118028985546,3123.4461806775244,6274.654923640632,-2829.899857600023
-128.33333629999953,45.33333423999981,-4.214304924011231,3.1129949545495355,107.05902453521388,268.1460788542908,289.05532054744384,3117.5288510930627,6137.119219273565,-2818.8016335997468
-128.33333629999953,45.45000090899981,-5.642650604248047,3.0530499890876976,105.8495199733733,270.76573323621693,291.8792478646979,3111.5542687801653,6002.206696091963,-2805.199790960024
-128.33333629999953,45.56666757799981,-4.914121627807617,2.993105023625864,104.64001541153277,273.4636971568412,294.78759106790113,3105.520739028952,5869.917354095849,-2792.6995728000693
-128.33333629999953,45.683334246999806,-1.9475401639938357,2.93316005816403,103.43051084969225,276.2439515402965,297.78464150192895,3099.4264818350066,5740.251193285218,-2777.698641520231
-128.33333629999953,45.8000009159998,-4.417767524719238,2.8732150927021958,102.22100628785174,279.1107665192219,300.87500227179044,3093.26962576557,5613.208213660066,-2795.8979414403207
-128.33333629999953,45.9166675849998,-4.964883804321289,2.776725668453734,86.85941303046948,283.9188135458712,306.0579666486461,3083.2228513918008,5414.22498481519,-2804.497372400412
-128.33333629999953,46.0333342539998,-5.640677452087402,2.667921751777929,66.72990585295841,289.65038829525645,312.2364727207988,3071.682092244279,5197.999362867582,-2806.199351840118
-128.33333629999953,46.150000922999794,-4.016526699066162,2.594744778168752,94.27400325785248,293.7063496587707,316.60870600896754,3063.787402595759,5057.435669299412,-2824.899857600023
-128.33333629999953,46.26666759199979,-4.474414825439453,2.518728251128451,119.87571573034191,298.1055092617431,321.3508991247861,3055.467560495872,4915.557081106894,-2801.3972774404665
-128.33333629999953,46.38333426099979,-5.491498947143555,2.385934298212168,106.63906181977524,306.2890133418713,330.1725287573722,3040.6264436105494,4677.829103515594,-2801.2981126403674
-128.33333629999953,46.500000929999786,-5.429618835449219,2.253140345295885,93.40240790920855,315.18572291606944,339.762977548476,3025.366245869247,4452.974116694022,-2804.0992920002222
-128.33333629999953,46.61666759899978,-8.27527141571045,2.1203463923796018,80.16575399864186,324.9056406546073,350.24082585270037,3009.6493236201745,4240.992120642175,-2756.998494560142
-128.33333629999953,46.73333426799978,-9.525394439697266,1.9875524394633186,66.92910008807517,335.5840886418343,361.75194777208657,2993.432035678934,4041.883115360055,-2758.1974368004144
-128.33333629999953,46.85000093699978,2.644766330718994,1.8796146076513454,97.10436552426154,345.08513605502253,371.99385888743774,2979.8466311617594,3889.527141753157,-2192.173042004092
-128.33333629999953,46.966667605999774,-8.264679908752441,1.8873424091344098,131.66052563567297,344.3779287154483,371.23150560184223,2980.8320342062966,3900.152399800806,-2718.9995491201094
-128.21666963099952,45.10000090199982,-9.322394371032717,3.45827143073436,115.36169752833067,254.40820895240694,274.24621200073284,3150.8749882004677,6965.269070351219,-2840.5015031677303
-128.21666963099952,45.21666757099982,-7.4395751953125,3.387599608938043,108.42200144359093,257.04823250364296,277.09209681514403,3144.190152125062,6788.678355324171,-2830.999356096114
-128.21666963099952,45.33333423999981,-7.793059349060059,3.3169277871417293,101.48230535885165,259.7721870091196,280.0284572724791,3137.4352154728053,6615.733629966219,-2819.4934717132
-128.21666963099952,45.45000090899981,-5.283980369567871,3.2462559653454077,94.54260927411153,262.5846160401592,283.06019123837405,3130.6079255407535,6446.434894277336,-2811.499933584001
-128.21666963099952,45.56666757799981,-4.378054618835449,3.1771175788145927,88.42206070895304,265.4263379624276,286.1235022689051,3123.8564766072304,6284.337780008635,-2824.9987088322305
-128.21666963099952,45.683334246999806,-4.886967658996582,3.117172613352759,87.21255614711252,267.96633288728555,288.86155851918005,3117.943075967126,6146.619262024311,-2835.99963843207
-128.21666963099952,45.8000009159998,-6.533028602600098,3.057227647890924,86.003051585272,270.5806712005166,291.6797552363548,3111.9725376735773,6011.523925225465,-2834.999068720163
-128.21666963099952,45.9166675849998,-7.658310890197754,2.9972826824290904,84.79354702343147,273.2730517443993,294.5820796875381,3105.9431727460615,5879.051769612102,-2816.5003487519552
-128.21666963099952,46.0333342539998,-5.870013236999512,2.9209120640632413,77.22309734164648,276.82251994120344,298.40832496318757,3098.173660275799,5714.080459386418,-2823.4986708481774
-128.21666963099952,46.150000922999794,-7.979415893554687,2.819233737186657,66.62858029419513,281.77023685102193,303.7418502694545,3087.670088404511,5501.048785685378,-2821.4997784800503
-128.21666963099952,46.26666759199979,-8.690291404724121,2.7460567635774797,94.1726776990892,285.4998627786347,307.7623014453002,3079.9930633535555,5352.402128308212,-2809.0002047839794
-128.21666963099952,46.38333426099979,-11.273475646972656,2.61737857148257,83.75139317625562,292.4336788188944,315.23679604428105,3066.241004349398,5100.4947640564915,-2805.999678592113
-128.21666963099952,46.500000929999786,-10.536359786987305,2.484584618566287,70.51473926568893,300.14683132659235,323.55139747373346,3051.689782191378,4853.203665287907,-2786.99874171228
-128.21666963099952,46.61666759899978,-12.507145881652832,2.4122651798142667,62.73961553530722,304.6127903917809,328.36559887714577,3043.601402249155,4723.94350367669,-2761.499897872067
-128.21666963099952,46.73333426799978,-11.29348087310791,2.356981976708191,82.49402945336179,308.16444385116904,332.1941998157213,3037.3362933459393,4627.7078740624465,-2753.9973952644905
-128.21666963099952,46.85000093699978,-10.832659721374512,2.1729604981801223,64.57719096067218,320.9480514012111,345.9746354421474,3015.9337758153315,4323.44142422769,-2733.500950223914
-128.21666963099952,46.966667605999774,-11.272856712341309,2.1806882996631867,99.1333510720836,320.378867797849,345.3610685773133,3016.8503813568686,4335.721533005091,-2704.998695392248
-128.1000029619995,45.10000090199982,-10.404295921325684,3.6794154116963065,118.97902117425113,246.64439321811133,265.87699677544674,3171.363082044878,7541.40568671733,-2835.0
-128.1000029619995,45.21666757099982,-12.911789894104004,3.608743589899989,112.03932508951142,249.04776362271355,268.46777492765693,3164.8842679464965,7353.406058640155,-2828.8002843519535
-128.1000029619995,45.33333423999981,-9.508238792419434,3.5380717681036753,105.09962900477214,251.5227889286178,271.1357954193903,3158.3416982029166,7169.052420232078,-2808.29957347207
-128.1000029619995,45.45000090899981,-13.403971672058104,3.467399946307354,98.15993292003199,254.0731019765846,273.88497436963314,3151.7334527417256,6988.344771493069,-2820.199279328137
-128.1000029619995,45.56666757799981,-8.197488784790039,3.3967281245110366,91.2202368352923,256.7025988040971,276.7195116173999,3145.057513135536,6811.283112423156,-2819.697145568489
-128.1000029619995,45.683334246999806,-7.210604667663574,3.3260563027147194,84.28054075055257,259.4154636805753,279.6439177091199,3138.3117554005667,6637.867443022333,-2847.2996265120933
-128.1000029619995,45.8000009159998,-7.770066261291504,3.255384480918402,77.34084466581287,262.2161971160295,282.66304409132243,3131.493942102776,6468.097763290596,-2838.5987072642347
-128.1000029619995,45.9166675849998,-6.730405807495117,3.1847126591220842,70.40114858107316,265.10964726973947,285.782116968473,3124.6017136883756,6301.974073227946,-2853.0998578240233
-128.1000029619995,46.0333342539998,-6.281786918640137,3.1213502721559854,67.36608775901122,267.7869479029031,288.66818562190093,3118.3570233603787,6156.132045343209,-2840.4997790400494
-128.1000029619995,46.150000922999794,-8.956904411315918,3.061405306694151,66.15658319717069,270.3959881035526,291.480671095275,3112.3905208851893,6020.853894927115,-2804.799841312053
-128.1000029619995,46.26666759199979,-13.797232627868652,2.9705457225953853,66.52725473543185,274.5001197651332,295.90483085951956,3103.234490905431,5820.811789860854,-2796.9001421759767
-128.1000029619995,46.38333426099979,-13.064271926879885,2.848822844752972,60.863724532736,280.3031235477203,302.16033579056585,3090.745967808701,5562.2639342870425,-2796.698516528229
-128.1000029619995,46.500000929999786,-12.778441429138184,2.8246555568648866,60.043137512494695,281.49968329454043,303.45019974326306,3088.2349069172524,5512.217840448604,-2748.9000596159017
-128.1000029619995,46.61666759899978,-9.5745267868042,2.7606863903957723,76.33829802926289,284.74238727984834,306.945760237448,3081.5359686412203,5381.8071113325,-2754.200202767983
-128.1000029619995,46.73333426799978,-11.43448543548584,2.524508253229567,80.29024322535864,297.76404912721557,320.9828129343718,3056.104541449377,4926.196801027832,-2724.4965214406684
-128.1000029619995,46.85000093699978,-7.844744682312012,2.5107100852788014,87.81346653417253,298.58114244915623,321.8636207876877,3054.582712899215,4900.83777329705,-2721.3999172960303
-128.1000029619995,46.966667605999774,-10.475403785705566,2.4969119173280356,95.33668984298642,299.4049994490825,322.75171973068336,3053.0566967976106,4875.61772985659,-2726.0998923840702
-127.98333629299952,45.10000090199982,-7.423428535461426,3.9005593926581996,122.59634482017073,239.55057155485505,258.23001978611256,3191.244186666788,8153.242705113747,-2836.69942497611
-127.98333629299952,45.21666757099982,-7.396086692810059,3.8298875708618816,115.65664873543102,241.75064775303582,260.601651448269,3184.953449097514,7953.834163986448,-2842.6993646560923
-127.98333629299952,45.33333423999981,-5.789030075073242,3.759215749065569,108.71695265069174,244.0124768399331,263.03985130757746,3178.604398203056,7758.0716125282515,-2853.0994587680207
-127.98333629299952,45.45000090899981,-13.828804969787598,3.688543927269247,101.77725656595159,246.33900280214377,265.54779291404105,3172.1953816343002,7565.955050739116,-2879.8980212322977
-127.98333629299952,45.56666757799981,-6.808950424194336,3.618153614704762,95.06211397661802,248.72369344357253,268.1184347101467,3165.7505672557354,7378.227986554415,-2886.600284127954
-127.98333629299952,45.683334246999806,-5.85457706451416,3.5478300783368537,88.40023723669685,251.1766439034834,270.7626590243938,3159.248954945144,7194.290866634365,-2873.7999227840237
-127.98333629299952,45.8000009159998,-8.337236404418945,3.4775065419689453,81.73836049677567,253.70362998714756,273.48669204234216,3152.6825808853764,7013.9638885444365,-2865.200568255909
-127.98333629299952,45.9166675849998,-10.443933486938477,3.4071830056010364,75.07648375685449,256.3084525106815,276.2946309565578,3146.049470386074,6837.247052284627,-2852.0
-127.98333629299952,46.0333342539998,-7.388973236083984,3.336859469233128,68.4146070169333,258.9951911976243,279.19087361540903,3139.347546316601,6664.14035785494,-2832.400205231981
-127.98333629299952,46.150000922999794,-8.150397300720215,3.2665359328652195,61.75273027701213,261.76823155701936,282.18014749702155,3132.574621508,6494.643805255372,-2814.0991307681684
-127.98333629299952,46.26666759199979,-7.456796646118164,3.1962123964973106,55.090853537090936,264.63229499666414,285.26754217067105,3125.7283904146598,6328.757394485925,-2780.800364143928
-127.98333629299952,46.38333426099979,-12.159422874450684,3.1309877744207224,65.43747981533514,267.3744923848261,288.2235680369685,3119.3109092907525,6178.12582190379,-2784.90350075117
-127.98333629299952,46.500000929999786,-10.190115928649902,3.0670186079516077,81.73264033210333,270.1484334826534,291.21381289394395,3112.951694241946,6033.4101466553175,-2721.897301392652
-127.98333629299952,46.61666759899978,-10.90251350402832,3.003049441482493,98.02780084887152,273.0105423928659,294.29910062971106,3106.5258086690174,5891.6816710157345,-2760.4011365118176
-127.98333629299952,46.73333426799978,-9.28341007232666,2.86234114725485,103.63113805380672,279.64043053443834,301.44596792735774,3092.145919971352,5590.443847792896,-2738.4983550402812
-127.98333629299952,46.85000093699978,-8.483508110046387,2.848542979304084,111.15436136262062,280.3168929086409,302.17517884570816,3090.7169499555184,5561.6819433040455,-2739.8990055521595
-127.98333629299952,46.966667605999774,-7.132467269897461,2.834744811353319,118.67758467143452,280.99828832997827,302.909707475684,3089.2845148065417,5533.059023105516,-2712.2996911840864
-127.86666962399951,45.10000090199982,-6.8306169509887695,4.137889917415986,139.12530537487808,232.57937151972368,250.71522609841435,3211.9631415203025,8849.5785335583,-2864.600642335885
-127.86666962399951,45.21666757099982,-15.14770221710205,4.067566381048077,132.46342863495687,234.5812706521004,252.8732274306928,3205.887300975439,8638.960136444879,-2903.3979375843537
-127.86666962399951,45.33333423999981,-15.89342975616455,3.997242844680173,125.8015518950361,236.63576925487493,255.08792978519554,3199.7587073222603,8431.951881161596,-2929.500217599954
-127.86666962399951,45.45000090899981,-14.781920433044434,3.92691930831226,119.13967515511452,238.7452118256726,257.36186047656946,3193.575962147083,8228.553767708408,-2907.1009174558544
-127.86666962399951,45.56666757799981,-11.722978591918944,3.8565957719443515,112.47779841519333,240.91209182056608,259.69770739325,3187.33760413874,8028.765796085353,-2884.7001955519945
-127.86666962399951,45.683334246999806,-12.1174955368042,3.786272235576442,105.81592167527215,243.139064047386,262.09833235716565,3181.0421050552704,7832.587966292416,-2855.0004904799275
-127.86666962399951,45.8000009159998,-11.598244667053224,3.7159486992085338,99.15404493535097,245.42895834304676,264.56678586758096,3174.687865351857,7640.020278329602,-2858.0004899199284
-127.86666962399951,45.9166675849998,-8.122152328491211,3.6456251628406253,92.49216819542978,247.78479469513036,267.1063234018176,3168.273209434567,7451.062732196909,-2836.000489359929
-127.86666962399951,46.0333342539998,-7.3938188552856445,3.575301626472717,85.83029145550861,250.20979999149253,269.72042347094487,3161.7963805000054,7265.715327894336,-2825.199920992025
-127.86666962399951,46.150000922999794,-7.966601371765137,3.504978090104808,79.16841471558743,252.70742660917588,272.412807658202,3155.2555349158365,7083.978065421882,-2809.1999204320264
-127.86666962399951,46.26666759199979,-4.19831657409668,3.434654553736899,72.50653797566625,255.281373086198,275.18746290271105,3148.6487360912456,6905.85094477955,-2769.5002220799506
-127.86666962399951,46.38333426099979,-6.0896406173706055,3.358052688053074,85.80911066100269,258.17661714446444,278.3084695678133,3141.374659841267,6715.929017345274,-2779.500709759881
-127.86666962399951,46.500000929999786,-8.240154266357422,3.253125978938473,118.96843201978025,262.30720389727963,282.76114731341187,3131.274846972349,6462.732451718206,-2746.4002437439167
-127.86666962399951,46.61666759899978,-8.589700698852539,3.2454124925692724,119.71730366848541,262.6187362924771,283.0969720875032,3130.525994975414,6444.436320127515,-2748.500223759947
-127.86666962399951,46.73333426799978,-5.839917182922363,3.2001740412802153,126.9720328822605,264.46844393767645,285.0909144885506,3126.116059574282,6338.006571486567,-2729.7010760318044
-127.86666962399951,46.85000093699978,-6.078886032104492,3.1863758733294496,134.4952561910744,265.04044769885616,285.70752141880513,3124.7647913277906,6305.841790239645,-2716.4997751200535
-127.86666962399951,46.966667605999774,-7.828484535217285,3.172577705378684,142.0184794998883,265.6161790505842,286.3281466061434,3123.4105941583675,6273.815993283044,-2698.8024382075573
-127.75000295499952,45.10000090199982,-9.391390800476074,4.343190913133097,145.43297948738146,227.01585980205428,244.71788811834173,3229.4113289898946,9485.107167391496,-2923.5017092795656
-127.75000295499952,45.21666757099982,-17.795162200927734,4.278953722846665,145.85473792351416,228.7135338297407,246.54794176803404,3223.997120884273,9282.947411226116,-2890.5078592786986
-127.75000295499952,45.33333423999981,-12.215713500976562,4.235685001919732,143.2172363336093,229.87875236665758,247.8040206155616,3220.327295564431,9148.475013953033,-2871.2007752798786
-127.75000295499952,45.45000090899981,-13.37673282623291,4.16536146555182,136.55535959368768,231.81114466838568,249.88709517919503,3214.3226018614405,8932.836190626962,-2865.5007091998805
-127.75000295499952,45.56666757799981,-10.32021141052246,4.095037929183911,129.8934828537665,233.7931027407968,252.02360050636673,3208.26700214328,8720.80750913102,-2878.4997812800457
-127.75000295499952,45.683334246999806,-7.049023628234863,4.024714392816002,123.23160611384533,235.82678240790145,254.2158605258958,3202.159179331838,8512.388969465203,-2882.20087631992
-127.75000295499952,45.8000009159998,-10.62328815460205,3.954390856448094,116.56972937392416,237.91447309192918,256.46634318241627,3195.997758555939,8307.580571629505,-2857.8003050400216
-127.75000295499952,45.9166675849998,-8.326087951660156,3.884067320080185,109.90785263400298,240.05860865002413,258.777672118086,3189.7813035374493,8106.382315623928,-2837.695904080768
-127.75000295499952,46.0333342539998,-7.277694702148437,3.813743783712276,103.2459758940818,242.2617793050204,261.1526395336891,3183.508312681531,7908.79420144847,-2816.100141839976
-127.75000295499952,46.150000922999794,-7.263557434082031,3.743420247344368,96.58409915416061,244.52674480328315,263.5942203724863,3177.177214840905,7714.816229103136,-2793.0009307198306
-127.75000295499952,46.26666759199979,-5.076415061950684,3.673096710976459,89.92222241423943,246.85644895160718,266.1055879906585,3170.7863647202557,7524.44839858792,-2782.7974096004828
-127.75000295499952,46.38333426099979,-4.057233810424805,3.618446460559679,94.00721461737976,248.71362846441477,268.1075848935498,3165.7775089461647,7379.001497596957,-2758.1001831200115
-127.75000295499952,46.500000929999786,-4.707058906555176,3.5042119463821115,130.04289398080698,252.7350504558777,272.4425855311333,3155.183915730391,7082.017998285994,-2747.9003441599557
-127.75000295499952,46.61666759899978,-4.522679328918457,3.3934052983803547,164.17769531135897,256.8282497831339,276.8549604898123,3144.7419243787344,6803.04782446269,-2725.3004255199285
-127.75000295499952,46.73333426799978,-10.458229064941406,3.374458368506489,158.70741996510674,257.5482609456631,277.63111600277693,3142.9394607130944,6756.243787485969,-2730.5011940798136
-127.75000295499952,46.85000093699978,-9.47215747833252,3.36212785767587,158.7303519884973,258.02010428163163,278.13975229277713,3141.7637124092435,6725.92486194645,-2725.696772240592
-127.75000295499952,46.966667605999774,-9.270526885986328,3.3497973468452504,158.75328401188784,258.49455048927285,278.6511944187191,3140.5858061091762,6695.71692669999,-2693.899858160024
-127.63333628599952,45.10000090199982,-8.993409156799316,4.5560349321107845,147.6202995883971,221.64969414625216,238.93328466497022,3247.0704646708846,10176.470820454007,-2953.5025558717093
-127.63333628599952,45.21666757099982,-12.12204933166504,4.491797741824351,148.0420580245298,223.22897378199843,240.63571187664223,3241.7851598498605,9964.330138012294,-2854.0002081439743
-127.63333628599952,45.33333423999981,-7.099649429321289,4.427560551537923,148.46381646066243,224.84249937311588,242.3750554424506,3236.4619253996743,9755.2017397002,-2850.0003593279307
-127.63333628599952,45.45000090899981,-5.632911682128906,4.363323361251486,148.88557489679516,226.49152676541493,244.15266913536433,3231.0999328089883,9549.085625517682,-2849.500708639883
-127.63333628599952,45.56666757799981,-9.342623710632324,4.333480086423471,147.30916729233968,227.2700755823232,244.99192689663684,3228.5954368419248,9454.353125691501,-2867.4992143681393
-127.63333628599952,45.683334246999806,-10.241192817687988,4.263156550055562,140.64729055241853,229.13689224154385,247.00431242224263,3222.6594477219587,9233.6938761528,-2862.998994528187
-127.63333628599952,45.8000009159998,-8.704767227172852,4.192833013687654,133.9854138124973,231.0504804013411,249.0671165523249,3216.6742943462796,9016.64476844422,-2828.9985537282832
-127.63333628599952,45.9166675849998,-2.644075632095337,4.122509477319745,127.32353707257616,233.0128262942515,251.182480399985,3210.638734499935,8803.205802565757,-2812.999984976133
-127.63333628599952,46.0333342539998,-7.110342979431152,4.052185940951836,120.66166033265498,235.02603628321037,253.3526745761379,3204.5514727588043,8593.376978517417,-2803.500062496002
-127.63333628599952,46.150000922999794,-5.931593894958496,3.9818624045839277,113.99978359273379,237.0923463675171,255.58010943672468,3198.4111572430174,8387.158296299198,-2789.9998404160533
-127.63333628599952,46.26666759199979,-6.032253265380859,3.9115388682160193,107.33790685281262,239.21413262463722,257.86734633873544,3192.216376111157,8184.5497559111,-2775.001214175787
-127.63333628599952,46.38333426099979,-5.739419937133789,3.866759687239564,97.08359597864538,240.59526048426216,259.35617048222707,3188.2427345688775,8057.418124784269,-2734.9874491384994
-127.63333628599952,46.500000929999786,-4.655054092407227,3.764605718888715,138.24099793718403,243.83773198106505,262.8514803591379,3179.0907160047673,7772.873519821711,-2753.5007086398828
-127.63333628599952,46.61666759899978,-3.004929780960083,3.6768072755263184,159.61690246963803,246.7318560734613,265.9712797267291,3171.1250935943117,7534.402785597593,-2733.498888512151
-127.63333628599952,46.73333426799978,-5.539200782775879,3.6496752503406107,147.3510439545514,247.64727168304762,266.95807675017875,3168.6443136427056,7461.847243026312,-2736.502090239607
-127.63333628599952,46.85000093699978,-3.651047945022583,3.622543225154903,135.08518543946477,248.57295251333022,267.95593944600944,3166.1542952510895,7389.8290876122255,-2700.0008012159346
-127.63333628599952,46.966667605999774,-6.723939895629883,3.609110584942737,134.1930869604884,249.03510099903872,268.45412490987206,3164.918075145717,7354.372913236182,-2687.500058016008
-127.51666961699952,45.10000090199982,-8.488273620605469,4.768878951088471,149.80761968941275,216.64691519760294,233.5404037442106,3264.321706814832,10900.905354299157,-2870.2996337920845
-127.51666961699952,45.21666757099982,-7.391718864440918,4.704641760802038,150.22937812554545,218.12094939918777,235.1293787926525,3259.1565159426937,10678.783745581113,-2881.1983006082746
-127.51666961699952,45.33333423999981,-9.673142433166504,4.640404570515609,150.65113656167813,219.62548625563676,236.75123500317207,3253.955940283093,10459.674420992687,-2861.99673248055
-127.51666961699952,45.45000090899981,-6.948390960693359,4.5761673802291725,151.0728949978108,221.1615924933678,238.40712228237246,3248.719242492187,10243.577380533838,-2839.7004248479316
-127.51666961699952,45.56666757799981,-7.458233833312988,4.511930189942739,151.49465343394348,222.73038780736462,240.09824763575523,3243.4456592569395,10030.492624204604,-2852.299189632183
-127.51666961699952,45.683334246999806,-5.848645210266113,4.447692999656307,151.91641187007616,224.3330482915172,241.8258788655491,3238.1343999963,9820.420152004976,-2810.0036591993294
-127.51666961699952,45.8000009159998,-7.493641853332519,4.424713284146416,151.13631013320483,224.91482990844756,242.45302609995562,3236.2250860354707,9746.001991119145,-2833.8002832319544
-127.51666961699952,45.9166675849998,-4.287635803222656,4.360951634559305,144.73922151114934,226.55310770324002,244.21905197340058,3230.901207574262,9541.533193022397,-2847.2995751520684
-127.51666961699952,46.0333342539998,-3.046884775161743,4.290628098191396,138.07734477122816,228.40216841708516,246.21229699729156,3224.984097776252,9319.463659101173,-2792.900141615977
-127.51666961699952,46.150000922999794,-5.257298469543457,4.220304561823488,131.41546803130697,230.29725544796023,248.25515733489343,3219.018295193785,9101.004267010072,-2774.300061712004
-127.51666961699952,46.26666759199979,-4.004351615905762,4.1499810254555785,124.7535912913858,232.2403104976954,250.3497260962279,3213.0025775677873,8886.155016749086,-2766.201132927817
-127.51666961699952,46.38333426099979,-6.17152214050293,4.07965748908767,118.09171455146463,234.23339191774718,252.49822213693744,3206.9356706329363,8674.915908318226,-2749.6015373437826
-127.51666961699952,46.500000929999786,0.6072384119033813,4.02499949139532,146.43910189356112,235.81843022408228,254.20685706337477,3202.184048306373,8513.226630592393,-2746.9020041756453
-127.51666961699952,46.61666759899978,-3.2954964637756348,3.960209252672282,155.05610962791707,237.73963517192632,256.27787191620865,3196.509607580796,8324.388923607172,-2715.8987990562955
-127.51666961699952,46.73333426799978,-5.937817573547363,3.9330772274865744,142.79025111283042,238.55823995390975,257.1603090887711,3194.1195576895275,8246.220214241319,-2722.0004837599386
-127.51666961699952,46.85000093699978,-8.574712753295898,3.905945202300867,130.52439259774377,239.38535945313853,258.0519249311588,3191.7212496966217,8168.588892032664,-2693.901557775748
-127.51666961699952,46.966667605999774,-6.712485313415527,3.8788131771151595,118.25853408265714,240.22114231034917,258.9528796746751,3189.314597405718,8091.494956981202,-2673.6976560484886
-127.40000294799952,45.10000090199982,-9.867147445678713,4.9817229700661585,151.99493979042842,211.96827837050392,228.49694059322766,3281.1920787060662,11658.410768926948,-2990.6894621776746
-127.40000294799952,45.21666757099982,-10.55217456817627,4.9174857797797245,152.4166982265611,213.34825871214602,229.984527738663,3276.1391679480016,11426.308233932568,-2936.4932546411255
-127.40000294799952,45.33333423999981,-9.289400100708008,4.853248589493295,152.83845666269372,214.75554713943345,231.50155237385562,3271.053144869359,11197.217983067809,-2877.8008490238644
-127.40000294799952,45.45000090899981,-4.03549337387085,4.789011399206859,153.26021509882645,216.19105635468654,233.04899837096553,3265.933349843732,10971.14001633263,-2902.2842338268656
-127.40000294799952,45.56666757799981,-4.792502403259277,4.724774208920426,153.68197353495913,217.65574234584494,234.62789626305704,3260.779101048887,10748.074333727069,-2820.2033447354333
-127.40000294799952,45.683334246999806,-6.362067222595215,4.660537018633993,154.1037319710918,219.15060706212898,236.2393261284005,3255.589693406854,10528.020935251106,-2827.299214704137
-127.40000294799952,45.8000009159998,-8.764150619506836,4.5962998283475605,154.5254904072245,220.6767012946644,237.88442069571968,3250.364397458046,10310.979820904751,-2826.1013822077175
-127.40000294799952,45.9166675849998,-1.1174371242523191,4.532062638061126,154.9472488433572,222.23512778089096,239.56436869067298,3245.1024581643037,10096.950990687996,-2830.8043291030604
-127.40000294799952,46.0333342539998,-7.040185928344727,4.501608528541462,154.38488162674773,222.98558895783324,240.3733486205169,3242.5948052244435,9996.534960646588,-2786.9995580800983
-127.40000294799952,46.150000922999794,-5.405885696411133,4.458746719063048,148.83115246988018,224.05480268748084,241.52593648858323,3239.051062569579,9856.354141235755,-2765.0004430399003
-127.40000294799952,46.26666759199979,-3.5202107429504395,4.3884231826951385,142.16927572995897,225.84288273756607,243.45344575610724,3233.199727141353,9629.264181101888,-2768.2986851841697
-127.40000294799952,46.38333426099979,-6.184398651123047,4.31809964632723,135.5073989900378,227.67446720976378,245.4278517924846,3227.3013176635154,9405.784362798142,-2725.499332080154
-127.40000294799952,46.500000929999786,-6.637699127197266,4.285393263901924,154.63720584993814,228.54162849876369,246.36263176550972,3224.541699854457,9303.077330598036,-2728.199188896177
-127.40000294799952,46.61666759899978,-4.8069257736206055,4.243611229818246,150.4953167861961,229.663967965535,247.57248795925594,3221.000953988783,9173.006238491427,-2709.6002830079547
-127.40000294799952,46.73333426799978,-6.0763044357299805,4.216479204632538,138.22945827110945,230.40169916717016,248.3677452678007,3218.6923559962815,9089.224362331002,-2695.001898239714
-127.40000294799952,46.85000093699978,-6.702265739440918,4.18934717944683,125.9635997560228,231.1465856144994,249.17071576703074,3216.376318342697,9005.979873327775,-2680.4006493918787
-127.40000294799952,46.966667605999774,-6.033424377441406,4.162215154261123,113.69774124093615,231.8987437248779,249.98152495218375,3214.0527686361756,8923.272771481745,-2666.2996906240865
-127.28333627899951,45.10000090199982,-7.839395523071289,5.19456698904387,154.18225989144432,207.58022737845005,223.76672230509863,3297.70574534591,12448.987064337469,-2867.800132607995
-127.28333627899951,45.21666757099982,-10.204028129577637,5.130329798757437,154.60401832757702,208.8757473788192,225.16326314053558,3292.7580969928886,12206.903603066761,-2878.8000756479787
-127.28333627899951,45.33333423999981,-12.5595064163208,5.066092608471008,155.02577676370964,210.1958303807576,226.58628232808036,3287.779375547303,11967.832425925673,-2897.800130368
-127.28333627899951,45.45000090899981,-10.726322174072266,5.0018554181845705,155.44753519984235,211.5412625152661,228.0366272989144,3282.768988097772,11731.773532914154,-2887.0017977596594
-127.28333627899951,45.56666757799981,-6.3886260986328125,4.937618227898138,155.86929363597505,212.91286559419288,229.51518394735402,3277.726322633818,11498.726924032262,-2829.2004109119534
-127.28333627899951,45.683334246999806,-8.686875343322754,4.873381037611705,156.29105207210773,214.3114992197934,231.02287890490769,3272.650747173284,11268.69259927997,-2850.4997316000217
-127.28333627899951,45.8000009159998,-10.34493923187256,4.809143847325272,156.7128105082404,215.73806304876024,232.56068198084773,3267.541608837818,11041.670558657279,-2813.0994973760935
-127.28333627899951,45.9166675849998,-5.973881721496582,4.74490665703884,157.1345689443731,217.1934992242712,234.129608783903,3262.3982328725965,10817.660802164197,-2810.399796224021
-127.28333627899951,46.0333342539998,-5.502647399902344,4.6806694667524065,157.55632738050576,218.67879499099405,235.73072354117352,3257.2199216061144,10596.663329800715,-2792.698771552239
-127.28333627899951,46.150000922999794,-1.2703030109405518,4.616432276465973,157.97808581663844,220.19498550953833,237.3651421320453,3252.005953345505,10378.678141566834,-2760.201291391762
-127.28333627899951,46.26666759199979,-2.0834264755249023,4.578503772936509,157.63345312029162,221.10515634147265,238.34628540552447,3248.910349898252,10251.384331559755,-2736.098566096259
-127.28333627899951,46.38333426099979,-3.1839849948883057,4.5565418035668195,152.92308342861313,221.6373656049346,238.91999478030115,3247.11202034028,10178.156720792967,-2731.6002015359827
-127.28333627899951,46.500000929999786,-3.599548578262329,4.554145232149951,158.20038245956118,221.69567511044974,238.9828510893684,3246.91551793919,10170.187160362657,-2727.3984598243264
-127.28333627899951,46.61666759899978,-4.195791721343994,4.527013206964243,145.93452394447453,222.35903378397947,239.69793651905042,3244.68726177713,10080.254730250468,-2710.6002004159836
-127.28333627899951,46.73333426799978,-4.262265682220459,4.499881181778536,133.66866542938791,223.02838302984907,240.41947964826454,3242.4523181779896,9990.859687295475,-2679.6996587520393
-127.28333627899951,46.85000093699978,-4.982996940612793,4.472749156592829,121.4028069143013,223.70381355910638,241.14757826143912,3240.21062656694,9902.00203149768,-2669.0994923361
-127.28333627899951,46.966667605999774,-3.527906656265259,4.44561713140712,109.13694839921463,224.38541801752447,241.88233222859174,3237.962125449113,9813.681762857072,-2645.599686575997
-127.16666960999952,45.10000090199982,-6.001690864562988,5.465030099628218,151.45564853345985,202.37850335449204,218.15938315783643,3318.2091341487558,13501.29220629248,-2856.301608799639
-127.16666960999952,45.21666757099982,-10.38893985748291,5.405270310474908,153.91990105511255,203.49416010461522,219.36203553636705,3313.723302501026,13264.185702195049,-2885.899858720023
-127.16666960999952,45.33333423999981,-14.277299880981444,5.345510521321601,156.38415357676507,204.6284735707862,220.58479942672957,3309.212604240626,13029.686197749377,-2886.70006496
-127.16666960999952,45.45000090899981,-13.609458923339844,5.285750732168287,158.8484060984179,205.78196960042095,221.82824168037317,3304.6766211905347,12797.793692955418,-2864.5007063998855
-127.16666960999952,45.56666757799981,-12.478251457214355,5.225990943014978,161.3126586200706,206.95519502737594,223.09295177164833,3300.114923319978,12568.50818781322,-2892.4066035188753
-127.16666960999952,45.683334246999806,-11.191949844360352,5.166231153861666,163.7769111417233,208.1487187612435,224.37954297204226,3295.5270682686128,12341.829682322757,-2816.499780720046
-127.16666960999952,45.8000009159998,-6.687557220458984,5.106471364708356,166.24116366337597,209.36313294655653,225.68865359977505,3290.912600845867,12117.758176484043,-2813.900345279955
-127.16666960999952,45.9166675849998,-8.429305076599121,5.0331610124842925,166.12490326073532,210.88235703550197,227.32634230993568,3285.214762997567,11846.439068821046,-2820.2986154402874
-127.16666960999952,46.0333342539998,-7.281376838684082,4.957051880104471,165.4756547950539,212.49510338497134,229.06484587112675,3279.25532100384,11568.912619847255,-2786.8006447998823
-127.16666960999952,46.150000922999794,-6.754721641540527,4.880942747724648,164.82640632937253,214.1454258137304,230.8438555836305,3273.2499509190216,11295.614768896528,-2745.800202319981
-127.16666960999952,46.26666759199979,-5.213109970092773,4.804833615344826,164.17715786369115,215.83480652902338,232.66496923284797,3267.1975742139316,11026.545515968885,-2730.900343039957
-127.16666960999952,46.38333426099979,-1.445778489112854,4.728724482965003,163.52790939800974,217.5648109041505,234.52987425528008,3261.0970694748553,10761.70486106431,-2710.499293600115
-127.16666960999952,46.500000929999786,-3.0481536388397217,4.6288385040068905,160.57139012202254,219.89970387616998,237.04683530634136,3253.0157480032167,10420.543252104513,-2747.1980137604287
-127.16666960999952,46.61666759899978,-6.265089988708496,4.6688570772516,154.3634203942676,218.95525315570043,236.0287390995535,3256.2638375351034,10556.352638847857,-2680.402872959466
-127.16666960999952,46.73333426799978,-6.721988677978516,4.724032596536944,149.36948090045104,217.67282625201958,234.6463123219329,3260.7193918099997,10745.516650197405,-2691.2007646398924
-127.16666960999952,46.85000093699978,-7.718393325805664,4.699932154563468,126.9693647203507,218.23020699425226,235.24715597327938,3258.776441999898,10662.617223987356,-2656.200282559954
-127.16666960999952,46.966667605999774,-8.749149322509766,4.682237075371702,114.71962454371706,218.64218519788847,235.6912590241964,3257.3467117067544,10602.020570944655,-2642.0
-127.05000294099952,45.10000090199982,-7.077943801879883,5.691518937681617,139.73428195398063,198.3108912553965,213.77459064403044,3334.99165856073,14423.586553565796,-2855.000357647933
-127.05000294099952,45.21666757099982,-5.014227867126465,5.650580913505045,143.7999185102014,199.02796838546666,214.5475833373239,3331.9832702070207,14254.10860092464,-2873.000564671907
-127.05000294099952,45.33333423999981,-3.1410813331604004,5.591310079248062,146.30577204884497,200.08008817021098,215.68174432499524,3327.608291831279,14010.903166839855,-2877.0003587679303
-127.05000294099952,45.45000090899981,-4.916982650756836,5.531550290094748,148.77002457049778,201.15796173442092,216.84366729602488,3323.1736818780146,13768.287743324263,-2846.000205343975
-127.05000294099952,45.56666757799981,-5.213861465454102,5.471790500941439,151.23427709215048,202.253445318049,218.0245734639355,3318.7150519963134,13528.279319460431,-2829.000974239859
-127.05000294099952,45.683334246999806,-8.226167678833008,5.412030711788129,153.69852961380317,203.36702371706713,219.2249854276614,3314.2320075961434,13290.87789524834,-2864.0076174065553
-127.05000294099952,45.8000009159998,-2.984104871749878,5.352270922634817,156.16278213545584,204.49920062029153,220.4454461521898,3309.7241431640564,13056.083470687989,-2800.5012705117906
-127.05000294099952,45.9166675849998,-7.411725044250488,5.292511133481508,158.62703465710854,205.65049956667667,221.68652000050116,3305.1910418350944,12823.896045779386,-2799.9997176640463
-127.05000294099952,46.0333342539998,-6.80452823638916,5.2327513443281966,161.0912871787612,206.82146496256925,222.94879383014612,3300.6322749428755,12594.31562052252,-2767.9999202080257
-127.05000294099952,46.150000922999794,-7.1768293380737305,5.172991555174886,163.5555397004139,208.012663163412,224.23287815929731,3296.0474015464933,12367.3421949174,-2744.49957649607
-127.05000294099952,46.26666759199979,-10.35440731048584,5.113231766021577,166.0197922220666,209.22468362477954,225.5394084075395,3291.4359679327463,12142.975768964028,-2725.000282335953
-127.05000294099952,46.38333426099979,-6.24522590637207,5.053471976868265,168.4840447437193,210.45814012805997,226.86904621712605,3286.7975070921125,11921.216342662392,-2705.999918528028
-127.05000294099952,46.500000929999786,-5.146489143371582,5.027043492205235,173.0949768141533,211.01063172175225,227.46461947852467,3284.7374260191373,11823.975689470895,-2686.499776800051
-127.05000294099952,46.61666759899978,-9.314369201660156,5.0100460853459134,158.43607659949816,211.368272807889,227.85014836351118,3283.409628135163,11761.705048710817,-2679.4997762400526
-127.05000294099952,46.73333426799978,-7.2983856201171875,4.992351006154147,146.18633642286454,211.74253234755525,228.2535915601016,3282.0249345474112,11697.102527556637,-2657.499775680053
-127.05000294099952,46.85000093699978,-6.077028274536133,4.97465592696238,133.93659624623095,212.11878700317234,228.65918544591023,3280.63778479708,11632.728580956607,-2644.9999162880304
-127.05000294099952,46.966667605999774,-7.009514808654785,4.956960847770613,121.68685606959734,212.49705456402833,229.0669491973815,3279.2481657674275,11568.583208910726,-2623.5003392319613
